{
  "simple_sharpe": 0.4832335135196786,
  "mean_return": 0.0007302566381283128,
  "std_return": 0.023989364193751323,
  "n_days": 246,
  "next_day_ic": 0.018285196950712544,
  "same_day_ic": 0.015706982145627543
}