{
  "ann_return": 0.06309549760023946,
  "ann_vol": 0.05431847462405929,
  "sharpe": 1.1615844891986815,
  "max_drawdown": -0.07853486647335117,
  "avg_turnover": 0.017929194826908006,
  "total_return": 0.061989963135476556,
  "n_days": 246,
  "equity_curve": [
    0.9973409429782557,
    0.9948540754494825,
    0.9934141496148278,
    0.9932189447009228,
    0.9939681957566561,
    0.9962320241481295,
    0.9986504457264606,
    0.9997973911768437,
    1.0007940885138173,
    1.0007358242830686,
    0.9994857924233911,
    0.9968803772776319,
    0.9946098381291092,
    0.9912422884973365,
    0.98990509672114,
    0.9835407669348978,
    0.9784840356545915,
    0.9737717322789797,
    0.9719337368507005,
    0.9674178284244875,
    0.9670014478269664,
    0.9678543685185087,
    0.9687977933482049,
    0.9680317810945168,
    0.9685722248261482,
    0.9661849616899857,
    0.9658926575075345,
    0.9641881357081278,
    0.964483450981524,
    0.9640163338319793,
    0.96631452828269,
    0.9651464962397386,
    0.9666026025251397,
    0.9684483591773572,
    0.9720043177109986,
    0.9732067202264761,
    0.9793710410453551,
    0.9866030272827325,
    0.9892092642185558,
    0.9925430637726793,
    0.9947729573776924,
    0.9947515654109345,
    0.9922253678996229,
    0.9909961774554364,
    0.9889430728958452,
    0.9882905692813065,
    0.9869900491074112,
    0.9880363893446292,
    0.989921619837997,
    0.9924210020744729,
    0.9952491923374943,
    0.9974525484658264,
    0.9974985594440033,
    0.9968367908181012,
    0.994957757420134,
    0.9907110943775095,
    0.9891528280103646,
    0.9903023558915036,
    0.9889162079888758,
    0.9878616950195249,
    0.9861791209489331,
    0.982948795245106,
    0.9777861402807407,
    0.9781946188168456,
    0.9801959019341789,
    0.9860495422263339,
    0.9930174368320589,
    1.000930328275521,
    1.0062739334320865,
    1.0079133652728711,
    1.0123342412163105,
    1.0163378259232527,
    1.0213216007630197,
    1.0284346186956523,
    1.0375421811428198,
    1.0410568887471827,
    1.0449453931515669,
    1.0469261266889678,
    1.0470467556468874,
    1.0452596965180863,
    1.0435599949643113,
    1.042673824739669,
    1.0432953786996622,
    1.0443435469346742,
    1.0473576420835369,
    1.050375938150998,
    1.0529003816785414,
    1.0545641563787607,
    1.0553219822258677,
    1.0514346944115762,
    1.0478059154546473,
    1.0440002094367098,
    1.0397244650484223,
    1.0382218185801584,
    1.0405763381174928,
    1.0451094346653023,
    1.0497266251116146,
    1.0546942248411135,
    1.05614470816914,
    1.0577490025668896,
    1.0556780156350385,
    1.0522508755204107,
    1.0489597078785458,
    1.0460862034491902,
    1.040053960961379,
    1.0351658882945207,
    1.0304779452378707,
    1.0273084082242052,
    1.0255006637941828,
    1.0289112127239413,
    1.0340709832728265,
    1.0405004381804261,
    1.046111959548328,
    1.0525551060363152,
    1.0540451689452959,
    1.053871608874586,
    1.0522076981105528,
    1.049417981384775,
    1.0458232600875765,
    1.0442613338881452,
    1.0429698379541708,
    1.0461966933842053,
    1.0499150985639956,
    1.053109514675606,
    1.05759356171713,
    1.065171631614665,
    1.069125416192361,
    1.0751865863947758,
    1.0793705228444201,
    1.0809633634360662,
    1.0814411470621839,
    1.0824851411857672,
    1.0803843618269342,
    1.07893936135573,
    1.0795084069766665,
    1.073884060877395,
    1.0666116711998885,
    1.0555694909842706,
    1.0433600497485573,
    1.0289487986844394,
    1.019309784623465,
    1.0094640619664623,
    1.0053863968209875,
    1.0028197729137784,
    1.000045779504802,
    0.9975343963787936,
    0.9978413835866766,
    0.9974723151633563,
    0.9989180603376775,
    1.0001910740160296,
    1.0034202764944664,
    1.0043566760479963,
    1.0091017508221536,
    1.0125034236659232,
    1.0175961005824137,
    1.0213697373093986,
    1.0245646118871456,
    1.024095041756329,
    1.0242306003568151,
    1.022996636072747,
    1.0231106770088747,
    1.022570125235923,
    1.0219344059640534,
    1.0189910790127077,
    1.0172670186275405,
    1.0158063105313058,
    1.0158758445214437,
    1.018126890401461,
    1.022772995420109,
    1.0282925533307128,
    1.0344902961430138,
    1.0397847120502568,
    1.0431254580641298,
    1.0458411270592232,
    1.0455761275427669,
    1.0452203820376744,
    1.0465089923165778,
    1.0476444146949837,
    1.048096605034584,
    1.050241245526958,
    1.05134673738104,
    1.0524591723744867,
    1.0538731549242124,
    1.055606078531227,
    1.058923726030326,
    1.0620056849373813,
    1.064721264417373,
    1.0655558732080443,
    1.0700401452145538,
    1.0733952210840598,
    1.075279544986157,
    1.0745594852713236,
    1.0745298972165869,
    1.0713562494685671,
    1.068516258113055,
    1.0668972267401837,
    1.0670042043152392,
    1.0704728069476508,
    1.0732762004943788,
    1.0796011358057207,
    1.0858836370126388,
    1.0921923408516105,
    1.0936042359858897,
    1.0943811631474272,
    1.0921382665850308,
    1.0919824915198757,
    1.0877094519077146,
    1.083983958350189,
    1.0790124834382142,
    1.072878256790011,
    1.0664133504925057,
    1.062915030771382,
    1.0610262453430428,
    1.0601931576459824,
    1.0591414028045207,
    1.0581512453604278,
    1.0600266012594584,
    1.063542472677155,
    1.0658376994848686,
    1.0691480814024321,
    1.074082724541943,
    1.0780778176995058,
    1.0787022710380965,
    1.0787705026167373,
    1.0762950174292338,
    1.0748589131800235,
    1.0747095307444532,
    1.0725628179237114,
    1.0705145573048866,
    1.0682449480209413,
    1.0663580937174568,
    1.0622748070062356,
    1.0589827783914842,
    1.0582769558951108,
    1.0588036875139133,
    1.0607059411780295,
    1.0621732940093709,
    1.062346778406336,
    1.0618807436832927,
    1.0616865057660974,
    1.0618320080249737,
    1.06201679998592,
    1.0622016293488008,
    1.0623864950732962,
    1.0625713963281256,
    1.0619899631354766
  ],
  "turnover_controls_enabled": true,
  "n_buckets": 5,
  "trade_threshold": 0.1,
  "weight_smoothing_enabled": true,
  "smoothing_alpha": 0.2,
  "realistic_costs_enabled": true,
  "volume_dependent_costs": true,
  "half_spread_bps": 2.0,
  "fee_bps": 1.0,
  "simple_cost_bps": 0.0,
  "rebalance_frequency": "weekly",
  "adv_enforcement_enabled": true,
  "max_participation_pct": 0.02,
  "total_adv_breaches": 1491,
  "s_curve_sizing_enabled": true,
  "s_curve_power": 2.0,
  "cost_penalty_weight": 0.1,
  "portfolio_beta": -0.004893565653730559,
  "portfolio_alpha_ann": 0.001985162172471626,
  "portfolio_alpha_tstat": 0.6799106982297094,
  "portfolio_IR_mkt": 0.6799106982297094,
  "portfolio_n_capm_obs": 245,
  "portfolio_capm_status": "sufficient_data",
  "portfolio_nw_lags": 4,
  "portfolio_annualizer": 7.0992957397195395,
  "sharpe_ratio": 1.1615844891986815
}