{
  "total_tickers": 3,
  "successful_runs": 3,
  "gate_passes": 1,
  "total_runtime_sec": 11.21,
  "avg_runtime_sec": 3.736666666666667,
  "best_sharpe": 0.3975218965807466
}