{
  "total_tickers": 3,
  "successful_runs": 3,
  "gate_passes": 1,
  "total_runtime_sec": 8.53,
  "avg_runtime_sec": 2.8433333333333333,
  "best_sharpe": 0.3975238507280749
}