{
  "weights": {
    "TSLA_0": 0.012654847907843172,
    "TSLA_1": 0.012654847907843172,
    "TSLA_2": 0.012654847907843172,
    "TSLA_3": 0.012512256210335004,
    "TSLA_4": 0.012512256210335004,
    "TSLA_5": 0.012512256210335004,
    "TSLA_6": 0.011221888272106899,
    "TSLA_7": 0.011221888272106899,
    "TSLA_8": 0.011221888272106899,
    "TSLA_9": 0.01160038005353088,
    "AAPL_10": 0.0,
    "AAPL_11": 0.0,
    "AAPL_12": 0.0,
    "AAPL_13": 0.0,
    "AAPL_14": 0.0,
    "AAPL_15": 0.0,
    "AAPL_16": 0.0,
    "AAPL_17": 0.0,
    "AAPL_18": 0.0,
    "AAPL_19": 0.0,
    "PFE_20": 0.006783856749031498,
    "PFE_21": 0.006783856749031498,
    "PFE_22": 0.006783856749031498,
    "PFE_23": 0.0060924021463089435,
    "PFE_24": 0.0060924021463089435,
    "PFE_25": 0.0060924021463089435,
    "PFE_26": 0.005776325599559783,
    "PFE_27": 0.005776325599559783,
    "PFE_28": 0.005776325599559783,
    "PFE_29": 0.0,
    "GS_30": 0.009324543701093863,
    "GS_31": 0.009324543701093863,
    "GS_32": 0.009324543701093863,
    "GS_33": 0.01086170575447445,
    "GS_34": 0.01086170575447445,
    "GS_35": 0.01086170575447445,
    "GS_36": 0.005845067720279208,
    "GS_37": 0.005845067720279208,
    "GS_38": 0.005845067720279208,
    "GS_39": 0.005845067720279208,
    "WFC_40": 0.010555154364627494,
    "WFC_41": 0.010555154364627494,
    "WFC_42": 0.010555154364627494,
    "WFC_43": 0.010597166403152086,
    "WFC_44": 0.010597166403152086,
    "WFC_45": 0.010597166403152086,
    "WFC_46": 0.009299406547402207,
    "WFC_47": 0.009299406547402207,
    "WFC_48": 0.009299406547402207,
    "WFC_49": 0.008115301218557051,
    "JNJ_50": 0.0,
    "JNJ_51": 0.0016508815649904332,
    "JNJ_52": 0.0,
    "JNJ_53": 0.0016508815649904332,
    "JNJ_54": 0.0,
    "JNJ_55": 0.0016508815649904332,
    "JNJ_56": 0.0005159004890595105,
    "JNJ_57": 0.0005159004890595105,
    "JNJ_58": 0.0005159004890595105,
    "JNJ_59": 0.0006190805868714125,
    "UNH_60": 0.008550318976608358,
    "UNH_61": 0.008550318976608358,
    "UNH_62": 0.008550318976608358,
    "UNH_63": 0.008166863622316884,
    "UNH_64": 0.008166863622316884,
    "UNH_65": 0.008166863622316884,
    "UNH_66": 0.0069651471514756555,
    "UNH_67": 0.0069651471514756555,
    "UNH_68": 0.0069651471514756555,
    "UNH_69": 0.006586588357587783,
    "COIN_70": 0.009954517723816711,
    "COIN_71": 0.010131397891494257,
    "COIN_72": 0.009954517723816711,
    "COIN_73": 0.010131397891494257,
    "COIN_74": 0.009954517723816711,
    "COIN_75": 0.010131397891494257,
    "COIN_76": 0.0010612810060652786,
    "COIN_77": 0.0,
    "COIN_78": 0.0,
    "COIN_79": 0.0,
    "WMT_80": 0.0019604218584261396,
    "WMT_81": 0.0,
    "WMT_82": 0.0013413412715547269,
    "WMT_83": 0.0019604218584261396,
    "WMT_84": 0.0,
    "WMT_85": 0.0013413412715547269,
    "WMT_86": 0.0019604218584261396,
    "WMT_87": 0.0,
    "WMT_88": 0.0013413412715547269,
    "WMT_89": 0.001134981075930923,
    "NVDA_90": 0.0002063601956238041,
    "NVDA_91": 0.0008254407824952166,
    "NVDA_92": 0.0008254407824952166,
    "NVDA_93": 0.0002063601956238041,
    "NVDA_94": 0.0008254407824952166,
    "NVDA_95": 0.0008254407824952166,
    "NVDA_96": 0.0002063601956238041,
    "NVDA_97": 0.0008254407824952166,
    "NVDA_98": 0.0008254407824952166,
    "NVDA_99": 0.0007222606846833147,
    "CVX_100": 0.006784056485864251,
    "CVX_101": 0.006784056485864251,
    "CVX_102": 0.006784056485864251,
    "CVX_103": 0.0017601167418559226,
    "CVX_104": 0.0017601167418559226,
    "CVX_105": 0.0017601167418559226,
    "CVX_106": 0.0,
    "CVX_107": 0.00010318009781190205,
    "CVX_108": 0.00010318009781190205,
    "CVX_109": 0.0,
    "XOM_110": 0.020085725707383605,
    "XOM_111": 0.020085725707383605,
    "XOM_112": 0.020085725707383605,
    "XOM_113": 0.016658540562204845,
    "XOM_114": 0.016658540562204845,
    "XOM_115": 0.016658540562204845,
    "XOM_116": 0.016564190975755743,
    "XOM_117": 0.016564190975755743,
    "XOM_118": 0.016564190975755743,
    "XOM_119": 0.010873787055903377,
    "KO_120": 0.007364543295525549,
    "KO_121": 0.007364543295525549,
    "KO_122": 0.007364543295525549,
    "KO_123": 0.006512935733149668,
    "KO_124": 0.006512935733149668,
    "KO_125": 0.006512935733149668,
    "KO_126": 0.0002063601956238041,
    "KO_127": 0.0002063601956238041,
    "KO_128": 0.0006190805868714125,
    "KO_129": 0.0005159004890595105,
    "AMZN_130": 0.005394072776229034,
    "AMZN_131": 0.005394072776229034,
    "AMZN_132": 0.005394072776229034,
    "AMZN_133": 0.0056295017137830035,
    "AMZN_134": 0.0056295017137830035,
    "AMZN_135": 0.0056295017137830035,
    "AMZN_136": 0.005485350809978708,
    "AMZN_137": 0.005485350809978708,
    "AMZN_138": 0.005485350809978708,
    "AMZN_139": 0.007132009022484617,
    "BAC_140": 0.009184922539513835,
    "BAC_141": 0.009184922539513835,
    "BAC_142": 0.009184922539513835,
    "BAC_143": 0.0030965673650409815,
    "BAC_144": 0.0030965673650409815,
    "BAC_145": 0.0030965673650409815,
    "BAC_146": 0.002786461930476762,
    "BAC_147": 0.002786461930476762,
    "BAC_148": 0.002786461930476762,
    "BAC_149": 0.0025768876605039162,
    "GOOGL_150": 0.008736912866551559,
    "GOOGL_151": 0.008736912866551559,
    "GOOGL_152": 0.008736912866551559,
    "GOOGL_153": 0.006884341515250234,
    "GOOGL_154": 0.006884341515250234,
    "GOOGL_155": 0.006884341515250234,
    "GOOGL_156": 0.003970077528459283,
    "GOOGL_157": 0.003970077528459283,
    "GOOGL_158": 0.003970077528459283,
    "GOOGL_159": 0.00252811515803315,
    "MSFT_160": 0.0007222606846833147,
    "MSFT_161": 0.0007222606846833147,
    "MSFT_162": 0.00030954029343570626,
    "MSFT_163": 0.0,
    "MSFT_164": 0.0,
    "MSFT_165": 0.0,
    "MSFT_166": 0.0007222606846833147,
    "MSFT_167": 0.0007222606846833147,
    "MSFT_168": 0.00030954029343570626,
    "MSFT_169": 0.0,
    "PG_170": 0.0006190805868714125,
    "PG_171": 0.001031800978119021,
    "PG_172": 0.001031800978119021,
    "PG_173": 0.0,
    "PG_174": 0.0,
    "PG_175": 0.0006190805868714125,
    "PG_176": 0.0006190805868714125,
    "PG_177": 0.001031800978119021,
    "PG_178": 0.001031800978119021,
    "PG_179": 0.0,
    "JPM_180": 0.0002063601956238041,
    "JPM_181": 0.0,
    "JPM_182": 0.0005159004890595105,
    "JPM_183": 0.0,
    "JPM_184": 0.0,
    "JPM_185": 0.0,
    "JPM_186": 0.0002063601956238041,
    "JPM_187": 0.0,
    "JPM_188": 0.0005159004890595105,
    "JPM_189": 0.0,
    "META_190": 0.007695256736860718,
    "META_191": 0.007695256736860718,
    "META_192": 0.007695256736860718,
    "META_193": 0.007258617768508293,
    "META_194": 0.007258617768508293,
    "META_195": 0.007258617768508293,
    "META_196": 0.004827162521647714,
    "META_197": 0.004827162521647714,
    "META_198": 0.004827162521647714,
    "META_199": 0.0006190805868714125
  },
  "sum_abs": 0.9999999999999998,
  "timestamp": "2025-09-06T13:03:15.644608",
  "num_strategies": 200
}