{
  "ann_return": 0.07179580420477652,
  "ann_vol": 0.05392256650061058,
  "sharpe": 1.3314611833983006,
  "max_drawdown": -0.07695071479595461,
  "avg_turnover": 0.017155256153932152,
  "total_return": 0.07106747558960613,
  "n_days": 246,
  "equity_curve": [
    0.9982448244235187,
    0.9968579882607884,
    0.9956406619870293,
    0.9943180848317391,
    0.993023205626743,
    0.9939417427424472,
    0.9945712435872862,
    0.9942683728404285,
    0.9948277467820089,
    0.9937883714172119,
    0.9930563990073346,
    0.9914819635559357,
    0.9903227372639206,
    0.98687512990359,
    0.9858280091315604,
    0.9791502287020725,
    0.9733433440064088,
    0.9679482414329642,
    0.9653771856276088,
    0.960323938002241,
    0.9594624332819063,
    0.9595129340451838,
    0.9599785635498449,
    0.9588180035559944,
    0.9586631648377524,
    0.9557917061433403,
    0.955507790799619,
    0.9534557641082386,
    0.9535801494779851,
    0.9529311228361009,
    0.9554700315133492,
    0.9545513997815639,
    0.9557677118547929,
    0.9569742389736491,
    0.9598476673228402,
    0.9598953539989883,
    0.9650482753475529,
    0.972044987014969,
    0.9751362881345276,
    0.9789456547602352,
    0.9812743986798986,
    0.9812537326098246,
    0.9787225185516872,
    0.9775266766914567,
    0.9756680654063621,
    0.9755715077497358,
    0.9742688466802013,
    0.9747176755306592,
    0.9763678800087153,
    0.9791747317934176,
    0.982111575006935,
    0.9842441080392971,
    0.9841554663622311,
    0.9832084337782122,
    0.981097822642093,
    0.9767659662564068,
    0.9752359599484808,
    0.9764556180451093,
    0.9749836244280453,
    0.9736656478277664,
    0.9723950926142819,
    0.9694091361129314,
    0.9645818633327427,
    0.9648209234972742,
    0.9667235590341353,
    0.971947961666393,
    0.9786518724326376,
    0.9865719785922281,
    0.9921072717265497,
    0.9940236760236708,
    0.9985062762663834,
    1.002752234345862,
    1.0076594207922611,
    1.014651114518805,
    1.0238356653475682,
    1.027331664528759,
    1.0312228089137956,
    1.0333747651496539,
    1.033565389481698,
    1.0322524904102501,
    1.030489361031159,
    1.0296863633053572,
    1.0304427988258957,
    1.031331867550315,
    1.0341003623565006,
    1.0370683062495867,
    1.0395933453618345,
    1.0412848115748554,
    1.0421253816515565,
    1.0384123481217513,
    1.0366402409934465,
    1.0346509133990653,
    1.0324962681746028,
    1.0324357600002116,
    1.0351130258071235,
    1.039921967434813,
    1.044705597386638,
    1.0503523338890732,
    1.0523441073298012,
    1.055113134131177,
    1.0530047875727166,
    1.0496312064820104,
    1.0463454848527638,
    1.0434776394260081,
    1.0374207170153473,
    1.0329037134664099,
    1.0289871757663744,
    1.0259518725069563,
    1.0241790691654287,
    1.0272976958130342,
    1.0323441121183554,
    1.0383534517113568,
    1.0436361980318731,
    1.049823215523311,
    1.0512592594024681,
    1.051196432243226,
    1.0496561137373497,
    1.0470430661658447,
    1.0434980532416116,
    1.0420563946007175,
    1.0407785220212704,
    1.0437073906940835,
    1.0470339051372364,
    1.049668673073807,
    1.0534581465105004,
    1.0610305650577336,
    1.0650868193014071,
    1.0717895034872833,
    1.0766349649173317,
    1.0785768495251626,
    1.0795461281023426,
    1.0814108305901682,
    1.0797391031144785,
    1.0788067652831284,
    1.0800863128671745,
    1.0757622081936544,
    1.068169653991491,
    1.056050883998756,
    1.0431144898919604,
    1.0274524240861171,
    1.0172795606467522,
    1.0071863665639598,
    1.0034884029976854,
    1.0019668952298244,
    1.0003052180302523,
    0.9982495184050704,
    0.998512775044414,
    0.9981954941881678,
    0.999686295504711,
    1.0007149538630498,
    1.0041875642454074,
    1.0049875331539562,
    1.0096302726466886,
    1.0129646643655708,
    1.0180834884412775,
    1.0215111885895198,
    1.0242694602286577,
    1.0234095705959543,
    1.0232195145888174,
    1.0216887463097861,
    1.021070731458708,
    1.019534393328358,
    1.0179694886501944,
    1.0148254544811768,
    1.013122665796587,
    1.010764371933576,
    1.0098089474836036,
    1.0112667549845151,
    1.0155024488264537,
    1.0205690509748544,
    1.026587347396441,
    1.0317928981168858,
    1.035053289240486,
    1.0374633773919526,
    1.0367951888921676,
    1.0361935632105577,
    1.0373740404904448,
    1.0383136339252323,
    1.0386319818264587,
    1.041154315146826,
    1.0426943593208344,
    1.0441179715657884,
    1.0458616889012766,
    1.0478123652451363,
    1.0510939681639229,
    1.0541829267895206,
    1.0573933773869055,
    1.0592804353295424,
    1.0641008186237697,
    1.0677840501002183,
    1.0704331676391023,
    1.0704175668309663,
    1.0708685572294174,
    1.0677618349806943,
    1.0657107728522572,
    1.063409575222737,
    1.0631324292453908,
    1.0662325460358564,
    1.068682236891436,
    1.074938007583091,
    1.0812087735030436,
    1.0876394698419096,
    1.0891234834994488,
    1.0899146461206928,
    1.0887093172127218,
    1.0896148585577226,
    1.0866436940275708,
    1.0847840756599494,
    1.0820971947076041,
    1.0769326667796761,
    1.0702149055620482,
    1.0666745654157204,
    1.0651240139509197,
    1.0648242385284754,
    1.0639179204996534,
    1.0622302110777573,
    1.0633181976550523,
    1.066467291925156,
    1.068586317926506,
    1.0720998132712456,
    1.0761154130686648,
    1.0788540540139469,
    1.07928023404693,
    1.0792799898397916,
    1.0774589916416257,
    1.0762640792554874,
    1.076795262896056,
    1.0753037119359274,
    1.0736584792914452,
    1.0720631394454603,
    1.0702928887645318,
    1.0664323881808682,
    1.0640550237369548,
    1.0650504458272352,
    1.0669743218941847,
    1.0685317525489189,
    1.069965491768861,
    1.0702242641307487,
    1.0697978724100234,
    1.0699173950576815,
    1.0702836833936904,
    1.0706866865142473,
    1.0710898495644934,
    1.0714931709735034,
    1.0718966494954993,
    1.0710674755896061
  ],
  "turnover_controls_enabled": true,
  "n_buckets": 5,
  "trade_threshold": 0.1,
  "weight_smoothing_enabled": true,
  "smoothing_alpha": 0.2,
  "realistic_costs_enabled": true,
  "volume_dependent_costs": true,
  "half_spread_bps": 2.0,
  "fee_bps": 1.0,
  "simple_cost_bps": 0.0,
  "rebalance_frequency": "weekly",
  "adv_enforcement_enabled": true,
  "max_participation_pct": 0.02,
  "total_adv_breaches": 1491,
  "s_curve_sizing_enabled": true,
  "s_curve_power": 2.0,
  "cost_penalty_weight": 0.1,
  "portfolio_beta": -0.004114182511704036,
  "portfolio_alpha_ann": 0.0021854301490253623,
  "portfolio_alpha_tstat": 0.7563623883105012,
  "portfolio_IR_mkt": 0.7563623883105012,
  "portfolio_n_capm_obs": 245,
  "portfolio_capm_status": "sufficient_data",
  "portfolio_nw_lags": 4,
  "portfolio_annualizer": 7.0992957397195395,
  "sharpe_ratio": 1.3314611833983006
}