{
  "model": "alpha_v1_ridge",
  "symbols": [
    "SPY"
  ],
  "n_folds": 1,
  "train_len": 30,
  "test_len": 10,
  "stride": 10,
  "warmup": 60,
  "fold_results": [
    {
      "fold_id": 0,
      "n_bars": 10,
      "n_trades": 4,
      "win_rate": 0.5,
      "median_hold_bars": 2,
      "sharpe_nw": -5.622131965475339,
      "sortino": -3.2068555741588787,
      "max_dd": -2.3818243062978093,
      "turnover": 0.8888888955116272,
      "psr": 0.0,
      "regime": "alpha_v1_ml",
      "model_type": "ridge_regression"
    }
  ],
  "aggregate_metrics": {
    "avg_sharpe": -5.622131965475339,
    "avg_win_rate": 0.5,
    "avg_turnover": 0.8888888955116272,
    "total_trades": 4,
    "overall_sharpe": -5.622131965475339,
    "overall_max_dd": -2.3818243062978093
  }
}