{
  "prev_weights": {
    "SPY": -0.00025050024482278576,
    "TSLA": -0.00025050024482278576
  }
}