{
  "timestamp": "20250819T192227Z",
  "status": "OK",
  "folds": 1,
  "symbols": [
    "SPY",
    "TSLA"
  ],
  "trades": 48,
  "duration_s": 0.829,
  "sharpe": -17.744179477171617,
  "max_drawdown": -0.3636743838507417,
  "fold_summaries": [
    {
      "fold": 0,
      "sharpe": -17.744179477171617,
      "max_drawdown": -0.3636743838507417,
      "trades": 48,
      "duration_ms": 829
    }
  ],
  "risk_costs": {
    "slippage_bps": 5,
    "fee_bps": 1,
    "max_leverage": 1.0
  },
  "seed": 1337,
  "auto_adjust": false
}