{
  "timestamp": "20250820T094420Z",
  "status": "OK",
  "folds": 1,
  "symbols": [
    "SPY",
    "TSLA"
  ],
  "trades": 48,
  "duration_s": 0.633,
  "sharpe": -1.713712174329828,
  "max_drawdown": -1.8207951811239063,
  "fold_summaries": [
    {
      "fold": 0,
      "sharpe": -1.713712174329828,
      "max_drawdown": -1.8207951811239063,
      "trades": 48,
      "duration_ms": 633
    }
  ],
  "risk_costs": {
    "slippage_bps": 5,
    "fee_bps": 1,
    "max_leverage": 1.0
  },
  "seed": 1337,
  "auto_adjust": false
}