{
  "run_id": "run_c3603cf7",
  "timestamp": "2025-08-16T05:11:48.741297",
  "feature_importances": {
    "z_score": 0.0,
    "rsi": 0.0,
    "price_position": 0.0,
    "sma_ratio": 0.0,
    "returns_5d": 0.0,
    "volatility": 0.001030643787465665,
    "momentum": 0.0010306437874656894,
    "mean_reversion": 0.0,
    "volume_profile": 0.000612783250675405,
    "trend_strength": 0.0017930740139374239,
    "regime_confidence": 0.0008812207693655143,
    "signal_strength": 0.0036797134845419463,
    "market_volatility": 0.005353010667568457,
    "position_size": 0.0004528930763532,
    "entry_price": 0.004155662234407797,
    "exit_price": 0.008850828827814185,
    "hold_duration": 0.0003876163748862656,
    "strategy_confidence": 0.0025924305330019175
  },
  "coefficients": {
    "z_score": 0.0,
    "rsi": 0.0,
    "price_position": 0.0,
    "sma_ratio": 0.0,
    "returns_5d": 0.0,
    "volatility": -0.001030643787465665,
    "momentum": 0.0010306437874656894,
    "mean_reversion": 0.0,
    "volume_profile": 0.000612783250675405,
    "trend_strength": 0.0017930740139374239,
    "regime_confidence": -0.0008812207693655143,
    "signal_strength": -0.0036797134845419463,
    "market_volatility": -0.005353010667568457,
    "position_size": 0.0004528930763532,
    "entry_price": 0.004155662234407797,
    "exit_price": 0.008850828827814185,
    "hold_duration": 0.0003876163748862656,
    "strategy_confidence": -0.0025924305330019175
  },
  "shap_values": null,
  "ranks": {
    "exit_price": 1,
    "market_volatility": 2,
    "entry_price": 3,
    "signal_strength": 4,
    "strategy_confidence": 5,
    "trend_strength": 6,
    "momentum": 7,
    "volatility": 8,
    "regime_confidence": 9,
    "volume_profile": 10,
    "position_size": 11,
    "hold_duration": 12,
    "z_score": 13,
    "rsi": 14,
    "price_position": 15,
    "sma_ratio": 16,
    "returns_5d": 17,
    "mean_reversion": 18
  },
  "alpha_scores": {
    "z_score": 0.0,
    "rsi": 0.0,
    "price_position": 0.0,
    "sma_ratio": 0.0,
    "returns_5d": 0.0,
    "volatility": 0.003144435080998185,
    "momentum": 0.0031444350809982586,
    "mean_reversion": 0.0,
    "volume_profile": 0.0018695665504470328,
    "trend_strength": 0.0054705659713093595,
    "regime_confidence": 0.002688554023219632,
    "signal_strength": 0.011226594784283053,
    "market_volatility": 0.01633172851451406,
    "position_size": 0.0013817507993988988,
    "entry_price": 0.012678687121166488,
    "exit_price": 0.027003371097326024,
    "hold_duration": 0.0011825953272942243,
    "strategy_confidence": 0.007909356862342334
  },
  "metadata": {
    "run_id": "run_c3603cf7",
    "timestamp": "2025-08-16T05:11:48.741297",
    "ticker": "SPY",
    "start_date": "2025-08-16",
    "end_date": "2025-08-16",
    "model_type": "ridge",
    "seed": 42,
    "total_trades": 128,
    "avg_profit": 0.0394753512814386,
    "win_rate": 1.0,
    "sharpe_ratio": 2.291473881808185,
    "checkpoint_path": null,
    "importance_path": null
  }
}
