{
  "run_id": "run_a73ff8c8",
  "timestamp": "2025-08-16T06:35:29.458567",
  "feature_importances": {
    "z_score": 0.0,
    "rsi": 0.0,
    "price_position": 0.0,
    "sma_ratio": 0.0,
    "returns_5d": 0.0,
    "volatility": 4.924298156647923e-05,
    "momentum": 0.0023764144278209873,
    "mean_reversion": 0.005321340731300584,
    "volume_profile": 0.087832977715292,
    "trend_strength": 0.005291283735197586,
    "regime_confidence": 0.11520591438609748,
    "signal_strength": 0.002231837543545754,
    "market_volatility": 0.031831879551183676,
    "position_size": 0.014995962720839263,
    "entry_price": 0.02663182446055585,
    "exit_price": 0.03591023618157639,
    "hold_duration": 0.005856678782574405,
    "strategy_confidence": 0.006411070140458789
  },
  "coefficients": {
    "z_score": 0.0,
    "rsi": 0.0,
    "price_position": 0.0,
    "sma_ratio": 0.0,
    "returns_5d": 0.0,
    "volatility": 4.924298156647923e-05,
    "momentum": 0.0023764144278209873,
    "mean_reversion": 0.005321340731300584,
    "volume_profile": 0.087832977715292,
    "trend_strength": 0.005291283735197586,
    "regime_confidence": 0.11520591438609748,
    "signal_strength": 0.002231837543545754,
    "market_volatility": 0.031831879551183676,
    "position_size": 0.014995962720839263,
    "entry_price": 0.02663182446055585,
    "exit_price": 0.03591023618157639,
    "hold_duration": 0.005856678782574405,
    "strategy_confidence": 0.006411070140458789
  },
  "shap_values": null,
  "ranks": {
    "regime_confidence": 1,
    "volume_profile": 2,
    "exit_price": 3,
    "market_volatility": 4,
    "entry_price": 5,
    "position_size": 6,
    "strategy_confidence": 7,
    "hold_duration": 8,
    "mean_reversion": 9,
    "trend_strength": 10,
    "momentum": 11,
    "signal_strength": 12,
    "volatility": 13,
    "z_score": 14,
    "rsi": 15,
    "price_position": 16,
    "sma_ratio": 17,
    "returns_5d": 18
  },
  "alpha_scores": {
    "z_score": 0.0,
    "rsi": 0.0,
    "price_position": 0.0,
    "sma_ratio": 0.0,
    "returns_5d": 0.0,
    "volatility": 6.155372695809904e-05,
    "momentum": 0.002970518034776234,
    "mean_reversion": 0.00665167591412573,
    "volume_profile": 0.10979122214411499,
    "trend_strength": 0.006614104668996982,
    "regime_confidence": 0.14400739298262186,
    "signal_strength": 0.0027897969294321924,
    "market_volatility": 0.03978984943897959,
    "position_size": 0.018744953401049078,
    "entry_price": 0.03328978057569481,
    "exit_price": 0.04488779522697049,
    "hold_duration": 0.0073208484782180065,
    "strategy_confidence": 0.008013837675573487
  },
  "metadata": {
    "run_id": "run_a73ff8c8",
    "timestamp": "2025-08-16T06:35:29.458567",
    "ticker": "SPY",
    "start_date": "2019-01-01",
    "end_date": "2019-11-11",
    "model_type": "ridge",
    "seed": 42,
    "total_trades": 0,
    "avg_profit": 0.0,
    "win_rate": 0.5,
    "sharpe_ratio": 0.0,
    "checkpoint_path": null,
    "importance_path": null
  }
}
