{
  "run_id": "run_f965d7ea",
  "timestamp": "2025-08-16T13:54:41.870740",
  "feature_importances": {
    "z_score": 0.0,
    "rsi": 0.0,
    "price_position": 0.0,
    "sma_ratio": 0.0,
    "returns_5d": 0.0,
    "volatility": 8.090173297492279e-05,
    "momentum": 0.0008702622121221602,
    "mean_reversion": 0.0018719372938008328,
    "volume_profile": 0.0038241872827705155,
    "trend_strength": 0.012552692434103684,
    "regime_confidence": 0.04224917775823661,
    "signal_strength": 0.0035758638228977017,
    "market_volatility": 0.008697145710986492,
    "position_size": 0.0007485359746222047,
    "entry_price": 0.014924917983327747,
    "exit_price": 0.008434808776221917,
    "hold_duration": 0.0026533199182103076,
    "strategy_confidence": 0.004622356176098836
  },
  "coefficients": {
    "z_score": 0.0,
    "rsi": 0.0,
    "price_position": 0.0,
    "sma_ratio": 0.0,
    "returns_5d": 0.0,
    "volatility": 8.090173297492279e-05,
    "momentum": 0.0008702622121221602,
    "mean_reversion": 0.0018719372938008328,
    "volume_profile": 0.0038241872827705155,
    "trend_strength": 0.012552692434103684,
    "regime_confidence": 0.04224917775823661,
    "signal_strength": 0.0035758638228977017,
    "market_volatility": 0.008697145710986492,
    "position_size": 0.0007485359746222047,
    "entry_price": 0.014924917983327747,
    "exit_price": 0.008434808776221917,
    "hold_duration": 0.0026533199182103076,
    "strategy_confidence": 0.004622356176098836
  },
  "shap_values": null,
  "ranks": {
    "regime_confidence": 1,
    "entry_price": 2,
    "trend_strength": 3,
    "market_volatility": 4,
    "exit_price": 5,
    "strategy_confidence": 6,
    "volume_profile": 7,
    "signal_strength": 8,
    "hold_duration": 9,
    "mean_reversion": 10,
    "momentum": 11,
    "position_size": 12,
    "volatility": 13,
    "z_score": 14,
    "rsi": 15,
    "price_position": 16,
    "sma_ratio": 17,
    "returns_5d": 18
  },
  "alpha_scores": {
    "z_score": 0.0,
    "rsi": 0.0,
    "price_position": 0.0,
    "sma_ratio": 0.0,
    "returns_5d": 0.0,
    "volatility": 0.00010112716621865349,
    "momentum": 0.0010878277651527003,
    "mean_reversion": 0.002339921617251041,
    "volume_profile": 0.004780234103463145,
    "trend_strength": 0.015690865542629606,
    "regime_confidence": 0.052811472197795764,
    "signal_strength": 0.004469829778622127,
    "market_volatility": 0.010871432138733116,
    "position_size": 0.0009356699682777559,
    "entry_price": 0.018656147479159682,
    "exit_price": 0.010543510970277396,
    "hold_duration": 0.0033166498977628845,
    "strategy_confidence": 0.005777945220123546
  },
  "metadata": {
    "run_id": "run_f965d7ea",
    "timestamp": "2025-08-16T13:54:41.870740",
    "ticker": "SPY",
    "start_date": "2020-09-09",
    "end_date": "2021-01-12",
    "model_type": "ridge",
    "seed": 42,
    "total_trades": 0,
    "avg_profit": 0.0,
    "win_rate": 0.5,
    "sharpe_ratio": 0.0,
    "checkpoint_path": null,
    "importance_path": null
  }
}
