{
  "run_id": "run_d2df7a2a",
  "timestamp": "2025-08-16T05:17:48.546080",
  "feature_importances": {
    "z_score": 0.0,
    "rsi": 0.0,
    "price_position": 0.0,
    "sma_ratio": 0.0,
    "returns_5d": 0.0,
    "volatility": 0.0017382433963195332,
    "momentum": 0.0017382433963194163,
    "mean_reversion": 0.0,
    "volume_profile": 0.003861717238966869,
    "trend_strength": 0.009389700754674142,
    "regime_confidence": 0.009221876034788865,
    "signal_strength": 0.0029147131599500625,
    "market_volatility": 0.0055689267222835395,
    "position_size": 0.0009722567247407595,
    "entry_price": 0.004027137810755006,
    "exit_price": 0.004222555660500669,
    "hold_duration": 0.0011449787585472047,
    "strategy_confidence": 0.0007233517268915775
  },
  "coefficients": {
    "z_score": 0.0,
    "rsi": 0.0,
    "price_position": 0.0,
    "sma_ratio": 0.0,
    "returns_5d": 0.0,
    "volatility": -0.0017382433963195332,
    "momentum": 0.0017382433963194163,
    "mean_reversion": 0.0,
    "volume_profile": 0.003861717238966869,
    "trend_strength": 0.009389700754674142,
    "regime_confidence": 0.009221876034788865,
    "signal_strength": -0.0029147131599500625,
    "market_volatility": -0.0055689267222835395,
    "position_size": -0.0009722567247407595,
    "entry_price": 0.004027137810755006,
    "exit_price": 0.004222555660500669,
    "hold_duration": -0.0011449787585472047,
    "strategy_confidence": 0.0007233517268915775
  },
  "shap_values": null,
  "ranks": {
    "trend_strength": 1,
    "regime_confidence": 2,
    "market_volatility": 3,
    "exit_price": 4,
    "entry_price": 5,
    "volume_profile": 6,
    "signal_strength": 7,
    "volatility": 8,
    "momentum": 9,
    "hold_duration": 10,
    "position_size": 11,
    "strategy_confidence": 12,
    "z_score": 13,
    "rsi": 14,
    "price_position": 15,
    "sma_ratio": 16,
    "returns_5d": 17,
    "mean_reversion": 18
  },
  "alpha_scores": {
    "z_score": 0.0,
    "rsi": 0.0,
    "price_position": 0.0,
    "sma_ratio": 0.0,
    "returns_5d": 0.0,
    "volatility": 0.000989657357945561,
    "momentum": 0.0009896573579454943,
    "mean_reversion": 0.0,
    "volume_profile": 0.0021986431174948287,
    "trend_strength": 0.005345963896912189,
    "regime_confidence": 0.005250414004859508,
    "signal_strength": 0.0016594726211259998,
    "market_volatility": 0.003170631522741271,
    "position_size": 0.0005535479228565224,
    "entry_price": 0.0022928242237612597,
    "exit_price": 0.002404084081433772,
    "hold_duration": 0.0006518860681345661,
    "strategy_confidence": 0.00041183551188321755
  },
  "metadata": {
    "run_id": "run_d2df7a2a",
    "timestamp": "2025-08-16T05:17:48.546080",
    "ticker": "SPY",
    "start_date": "2025-08-16",
    "end_date": "2025-08-16",
    "model_type": "ridge",
    "seed": 42,
    "total_trades": 214,
    "avg_profit": -0.043065662723585765,
    "win_rate": 0.0,
    "sharpe_ratio": -2.735846876399932,
    "checkpoint_path": null,
    "importance_path": null
  }
}
