{
  "run_id": "run_14939f94",
  "timestamp": "2025-08-16T09:49:49.169692",
  "feature_importances": {
    "z_score": 0.0,
    "rsi": 0.0,
    "price_position": 0.0,
    "sma_ratio": 0.0,
    "returns_5d": 0.0,
    "volatility": 0.0020788107568269596,
    "momentum": 0.0006522932135005619,
    "mean_reversion": 0.002661698679925406,
    "volume_profile": 0.027397483987832347,
    "trend_strength": 0.012480869569682264,
    "regime_confidence": 0.0604997554381127,
    "signal_strength": 0.0011947078518194949,
    "market_volatility": 0.0010946450537578974,
    "position_size": 0.0010844918587687273,
    "entry_price": 0.01823194214335825,
    "exit_price": 0.00557593101098821,
    "hold_duration": 8.434352829189397e-05,
    "strategy_confidence": 0.004202108943556268
  },
  "coefficients": {
    "z_score": 0.0,
    "rsi": 0.0,
    "price_position": 0.0,
    "sma_ratio": 0.0,
    "returns_5d": 0.0,
    "volatility": 0.0020788107568269596,
    "momentum": 0.0006522932135005619,
    "mean_reversion": 0.002661698679925406,
    "volume_profile": 0.027397483987832347,
    "trend_strength": 0.012480869569682264,
    "regime_confidence": 0.0604997554381127,
    "signal_strength": 0.0011947078518194949,
    "market_volatility": 0.0010946450537578974,
    "position_size": 0.0010844918587687273,
    "entry_price": 0.01823194214335825,
    "exit_price": 0.00557593101098821,
    "hold_duration": 8.434352829189397e-05,
    "strategy_confidence": 0.004202108943556268
  },
  "shap_values": null,
  "ranks": {
    "regime_confidence": 1,
    "volume_profile": 2,
    "entry_price": 3,
    "trend_strength": 4,
    "exit_price": 5,
    "strategy_confidence": 6,
    "mean_reversion": 7,
    "volatility": 8,
    "signal_strength": 9,
    "market_volatility": 10,
    "position_size": 11,
    "momentum": 12,
    "hold_duration": 13,
    "z_score": 14,
    "rsi": 15,
    "price_position": 16,
    "sma_ratio": 17,
    "returns_5d": 18
  },
  "alpha_scores": {
    "z_score": 0.0,
    "rsi": 0.0,
    "price_position": 0.0,
    "sma_ratio": 0.0,
    "returns_5d": 0.0,
    "volatility": 0.0025985134460336993,
    "momentum": 0.0008153665168757024,
    "mean_reversion": 0.0033271233499067576,
    "volume_profile": 0.03424685498479044,
    "trend_strength": 0.01560108696210283,
    "regime_confidence": 0.07562469429764088,
    "signal_strength": 0.0014933848147743686,
    "market_volatility": 0.0013683063171973718,
    "position_size": 0.001355614823460909,
    "entry_price": 0.02278992767919781,
    "exit_price": 0.006969913763735262,
    "hold_duration": 0.00010542941036486746,
    "strategy_confidence": 0.005252636179445335
  },
  "metadata": {
    "run_id": "run_14939f94",
    "timestamp": "2025-08-16T09:49:49.169692",
    "ticker": "SPY",
    "start_date": "2021-01-13",
    "end_date": "2021-12-31",
    "model_type": "ridge",
    "seed": 42,
    "total_trades": 0,
    "avg_profit": 0.0,
    "win_rate": 0.5,
    "sharpe_ratio": 0.0,
    "checkpoint_path": null,
    "importance_path": null
  }
}
