{
  "run_id": "run_06515d86",
  "timestamp": "2025-08-16T18:46:39.083894",
  "feature_importances": {
    "z_score": 0.0,
    "rsi": 0.0,
    "price_position": 0.0,
    "sma_ratio": 0.0,
    "returns_5d": 0.0,
    "volatility": 0.000535318827353064,
    "momentum": 4.31904964686955e-05,
    "mean_reversion": 0.0010966107656088088,
    "volume_profile": 0.008044500102907902,
    "trend_strength": 0.012612991582660486,
    "regime_confidence": 0.03518169032235069,
    "signal_strength": 0.002918170255270526,
    "market_volatility": 0.0020586335412090366,
    "position_size": 0.0041261242709390656,
    "entry_price": 0.014494162556228053,
    "exit_price": 0.0038075380435094296,
    "hold_duration": 0.0027658960878935578,
    "strategy_confidence": 0.003856080269470552
  },
  "coefficients": {
    "z_score": 0.0,
    "rsi": 0.0,
    "price_position": 0.0,
    "sma_ratio": 0.0,
    "returns_5d": 0.0,
    "volatility": -0.000535318827353064,
    "momentum": -4.31904964686955e-05,
    "mean_reversion": 0.0010966107656088088,
    "volume_profile": -0.008044500102907902,
    "trend_strength": 0.012612991582660486,
    "regime_confidence": 0.03518169032235069,
    "signal_strength": 0.002918170255270526,
    "market_volatility": 0.0020586335412090366,
    "position_size": 0.0041261242709390656,
    "entry_price": 0.014494162556228053,
    "exit_price": -0.0038075380435094296,
    "hold_duration": -0.0027658960878935578,
    "strategy_confidence": 0.003856080269470552
  },
  "shap_values": null,
  "ranks": {
    "regime_confidence": 1,
    "entry_price": 2,
    "trend_strength": 3,
    "volume_profile": 4,
    "position_size": 5,
    "strategy_confidence": 6,
    "exit_price": 7,
    "signal_strength": 8,
    "hold_duration": 9,
    "market_volatility": 10,
    "mean_reversion": 11,
    "volatility": 12,
    "momentum": 13,
    "z_score": 14,
    "rsi": 15,
    "price_position": 16,
    "sma_ratio": 17,
    "returns_5d": 18
  },
  "alpha_scores": {
    "z_score": 0.0,
    "rsi": 0.0,
    "price_position": 0.0,
    "sma_ratio": 0.0,
    "returns_5d": 0.0,
    "volatility": 0.00949925851437596,
    "momentum": 0.0007664174513514468,
    "mean_reversion": 0.0194594111394767,
    "volume_profile": 0.14275004388374757,
    "trend_strength": 0.2238181464227071,
    "regime_confidence": 0.6243007984554034,
    "signal_strength": 0.05178307249316018,
    "market_volatility": 0.03653055187878204,
    "position_size": 0.07321827499678146,
    "entry_price": 0.2571996164450062,
    "exit_price": 0.0675649469633964,
    "hold_duration": 0.049080960019127665,
    "strategy_confidence": 0.06842633111375028
  },
  "metadata": {
    "run_id": "run_06515d86",
    "timestamp": "2025-08-16T18:46:39.083894",
    "ticker": "SPY",
    "start_date": "2025-08-16",
    "end_date": "2025-08-16",
    "model_type": "ridge",
    "seed": 42,
    "total_trades": 19088,
    "avg_profit": 0.17837821591587888,
    "win_rate": 1.0,
    "sharpe_ratio": 16.248128637936155,
    "checkpoint_path": null,
    "importance_path": null
  }
}
