{
  "run_id": "run_2b7adce4",
  "timestamp": "2025-08-16T05:35:06.390144",
  "feature_importances": {
    "z_score": 0.0,
    "rsi": 0.0,
    "price_position": 0.0,
    "sma_ratio": 0.0,
    "returns_5d": 0.0,
    "volatility": 0.003997799986343309,
    "momentum": 0.0028875384150204328,
    "mean_reversion": 0.002347776005855833,
    "volume_profile": 0.006376353963427385,
    "trend_strength": 0.015273240922646784,
    "regime_confidence": 0.052487671895779985,
    "signal_strength": 0.0001556070342924382,
    "market_volatility": 0.0011285901891193609,
    "position_size": 0.006681924021260272,
    "entry_price": 3.164996852188048e-05,
    "exit_price": 0.0009918135502472885,
    "hold_duration": 0.0010626148809057452,
    "strategy_confidence": 0.00035397930299914924
  },
  "coefficients": {
    "z_score": 0.0,
    "rsi": 0.0,
    "price_position": 0.0,
    "sma_ratio": 0.0,
    "returns_5d": 0.0,
    "volatility": 0.003997799986343309,
    "momentum": 0.0028875384150204328,
    "mean_reversion": 0.002347776005855833,
    "volume_profile": 0.006376353963427385,
    "trend_strength": 0.015273240922646784,
    "regime_confidence": 0.052487671895779985,
    "signal_strength": 0.0001556070342924382,
    "market_volatility": 0.0011285901891193609,
    "position_size": 0.006681924021260272,
    "entry_price": 3.164996852188048e-05,
    "exit_price": 0.0009918135502472885,
    "hold_duration": 0.0010626148809057452,
    "strategy_confidence": 0.00035397930299914924
  },
  "shap_values": null,
  "ranks": {
    "regime_confidence": 1,
    "trend_strength": 2,
    "position_size": 3,
    "volume_profile": 4,
    "volatility": 5,
    "momentum": 6,
    "mean_reversion": 7,
    "market_volatility": 8,
    "hold_duration": 9,
    "exit_price": 10,
    "strategy_confidence": 11,
    "signal_strength": 12,
    "entry_price": 13,
    "z_score": 14,
    "rsi": 15,
    "price_position": 16,
    "sma_ratio": 17,
    "returns_5d": 18
  },
  "alpha_scores": {
    "z_score": 0.0,
    "rsi": 0.0,
    "price_position": 0.0,
    "sma_ratio": 0.0,
    "returns_5d": 0.0,
    "volatility": 0.004997249982929136,
    "momentum": 0.003609423018775541,
    "mean_reversion": 0.002934720007319791,
    "volume_profile": 0.007970442454284231,
    "trend_strength": 0.01909155115330848,
    "regime_confidence": 0.06560958986972498,
    "signal_strength": 0.00019450879286554777,
    "market_volatility": 0.0014107377363992012,
    "position_size": 0.00835240502657534,
    "entry_price": 3.95624606523506e-05,
    "exit_price": 0.0012397669378091105,
    "hold_duration": 0.0013282686011321814,
    "strategy_confidence": 0.0004424741287489365
  },
  "metadata": {
    "run_id": "run_2b7adce4",
    "timestamp": "2025-08-16T05:35:06.390144",
    "ticker": "SPY",
    "start_date": "2019-01-01",
    "end_date": "2019-11-11",
    "model_type": "ridge",
    "seed": 42,
    "total_trades": 0,
    "avg_profit": 0.0,
    "win_rate": 0.5,
    "sharpe_ratio": 0.0,
    "checkpoint_path": null,
    "importance_path": null
  }
}
