{
  "run_id": "run_9b1fde30",
  "timestamp": "2025-08-16T14:06:51.555616",
  "feature_importances": {
    "z_score": 0.0,
    "rsi": 0.0,
    "price_position": 0.0,
    "sma_ratio": 0.0,
    "returns_5d": 0.0,
    "volatility": 1.8162646041024134e-05,
    "momentum": 0.0008321297979537717,
    "mean_reversion": 0.0016106814888483905,
    "volume_profile": 0.003677354315168736,
    "trend_strength": 0.012945164769592272,
    "regime_confidence": 0.04135925776015514,
    "signal_strength": 0.0036228446442047616,
    "market_volatility": 0.008730299077674506,
    "position_size": 0.0006105223742500616,
    "entry_price": 0.014923204280037666,
    "exit_price": 0.00799902175641796,
    "hold_duration": 0.002389929534265357,
    "strategy_confidence": 0.0052879237674029345
  },
  "coefficients": {
    "z_score": 0.0,
    "rsi": 0.0,
    "price_position": 0.0,
    "sma_ratio": 0.0,
    "returns_5d": 0.0,
    "volatility": 1.8162646041024134e-05,
    "momentum": 0.0008321297979537717,
    "mean_reversion": 0.0016106814888483905,
    "volume_profile": 0.003677354315168736,
    "trend_strength": 0.012945164769592272,
    "regime_confidence": 0.04135925776015514,
    "signal_strength": 0.0036228446442047616,
    "market_volatility": 0.008730299077674506,
    "position_size": 0.0006105223742500616,
    "entry_price": 0.014923204280037666,
    "exit_price": 0.00799902175641796,
    "hold_duration": 0.002389929534265357,
    "strategy_confidence": 0.0052879237674029345
  },
  "shap_values": null,
  "ranks": {
    "regime_confidence": 1,
    "entry_price": 2,
    "trend_strength": 3,
    "market_volatility": 4,
    "exit_price": 5,
    "strategy_confidence": 6,
    "volume_profile": 7,
    "signal_strength": 8,
    "hold_duration": 9,
    "mean_reversion": 10,
    "momentum": 11,
    "position_size": 12,
    "volatility": 13,
    "z_score": 14,
    "rsi": 15,
    "price_position": 16,
    "sma_ratio": 17,
    "returns_5d": 18
  },
  "alpha_scores": {
    "z_score": 0.0,
    "rsi": 0.0,
    "price_position": 0.0,
    "sma_ratio": 0.0,
    "returns_5d": 0.0,
    "volatility": 2.2703307551280168e-05,
    "momentum": 0.0010401622474422146,
    "mean_reversion": 0.002013351861060488,
    "volume_profile": 0.00459669289396092,
    "trend_strength": 0.01618145596199034,
    "regime_confidence": 0.05169907220019392,
    "signal_strength": 0.004528555805255952,
    "market_volatility": 0.010912873847093132,
    "position_size": 0.000763152967812577,
    "entry_price": 0.018654005350047083,
    "exit_price": 0.00999877719552245,
    "hold_duration": 0.002987411917831696,
    "strategy_confidence": 0.006609904709253668
  },
  "metadata": {
    "run_id": "run_9b1fde30",
    "timestamp": "2025-08-16T14:06:51.555616",
    "ticker": "SPY",
    "start_date": "2021-01-13",
    "end_date": "2021-05-18",
    "model_type": "ridge",
    "seed": 42,
    "total_trades": 0,
    "avg_profit": 0.0,
    "win_rate": 0.5,
    "sharpe_ratio": 0.0,
    "checkpoint_path": null,
    "importance_path": null
  }
}
