{
  "run_id": "run_59592241",
  "timestamp": "2025-08-16T05:37:07.829940",
  "feature_importances": {
    "z_score": 0.0,
    "rsi": 0.0,
    "price_position": 0.0,
    "sma_ratio": 0.0,
    "returns_5d": 0.0,
    "volatility": 0.004467715694687255,
    "momentum": 0.0035235399808522037,
    "mean_reversion": 0.0020935934206661117,
    "volume_profile": 0.0039213054462642356,
    "trend_strength": 0.015913773092464775,
    "regime_confidence": 0.052263344520067805,
    "signal_strength": 0.0004325332745248621,
    "market_volatility": 0.006094722529532287,
    "position_size": 0.006545256457506651,
    "entry_price": 0.008556378328424916,
    "exit_price": 0.0002864073258549145,
    "hold_duration": 0.0024190723480664446,
    "strategy_confidence": 0.0039018379903487067
  },
  "coefficients": {
    "z_score": 0.0,
    "rsi": 0.0,
    "price_position": 0.0,
    "sma_ratio": 0.0,
    "returns_5d": 0.0,
    "volatility": 0.004467715694687255,
    "momentum": 0.0035235399808522037,
    "mean_reversion": 0.0020935934206661117,
    "volume_profile": 0.0039213054462642356,
    "trend_strength": 0.015913773092464775,
    "regime_confidence": 0.052263344520067805,
    "signal_strength": 0.0004325332745248621,
    "market_volatility": 0.006094722529532287,
    "position_size": 0.006545256457506651,
    "entry_price": 0.008556378328424916,
    "exit_price": 0.0002864073258549145,
    "hold_duration": 0.0024190723480664446,
    "strategy_confidence": 0.0039018379903487067
  },
  "shap_values": null,
  "ranks": {
    "regime_confidence": 1,
    "trend_strength": 2,
    "entry_price": 3,
    "position_size": 4,
    "market_volatility": 5,
    "volatility": 6,
    "volume_profile": 7,
    "strategy_confidence": 8,
    "momentum": 9,
    "hold_duration": 10,
    "mean_reversion": 11,
    "signal_strength": 12,
    "exit_price": 13,
    "z_score": 14,
    "rsi": 15,
    "price_position": 16,
    "sma_ratio": 17,
    "returns_5d": 18
  },
  "alpha_scores": {
    "z_score": 0.0,
    "rsi": 0.0,
    "price_position": 0.0,
    "sma_ratio": 0.0,
    "returns_5d": 0.0,
    "volatility": 0.005584644618359069,
    "momentum": 0.004404424976065254,
    "mean_reversion": 0.0026169917758326394,
    "volume_profile": 0.004901631807830294,
    "trend_strength": 0.01989221636558097,
    "regime_confidence": 0.06532918065008475,
    "signal_strength": 0.0005406665931560776,
    "market_volatility": 0.007618403161915359,
    "position_size": 0.008181570571883314,
    "entry_price": 0.010695472910531145,
    "exit_price": 0.0003580091573186431,
    "hold_duration": 0.003023840435083056,
    "strategy_confidence": 0.004877297487935884
  },
  "metadata": {
    "run_id": "run_59592241",
    "timestamp": "2025-08-16T05:37:07.829940",
    "ticker": "SPY",
    "start_date": "2019-01-01",
    "end_date": "2019-11-11",
    "model_type": "ridge",
    "seed": 42,
    "total_trades": 0,
    "avg_profit": 0.0,
    "win_rate": 0.5,
    "sharpe_ratio": 0.0,
    "checkpoint_path": null,
    "importance_path": null
  }
}
