{
  "run_id": "run_e1f274b8",
  "timestamp": "2025-08-16T12:22:34.070677",
  "feature_importances": {
    "z_score": 0.0,
    "rsi": 0.0,
    "price_position": 0.0,
    "sma_ratio": 0.0,
    "returns_5d": 0.0,
    "volatility": 0.0004726281366411725,
    "momentum": 0.0006111606830293858,
    "mean_reversion": 0.0020782107294368495,
    "volume_profile": 0.012991072565779579,
    "trend_strength": 0.012228803451687373,
    "regime_confidence": 0.04833131393607841,
    "signal_strength": 0.00283915104891773,
    "market_volatility": 0.008028206070367,
    "position_size": 0.0016724552213249755,
    "entry_price": 0.01770164484326649,
    "exit_price": 0.00473912491421374,
    "hold_duration": 0.0015010332831986784,
    "strategy_confidence": 0.0034178107909741914
  },
  "coefficients": {
    "z_score": 0.0,
    "rsi": 0.0,
    "price_position": 0.0,
    "sma_ratio": 0.0,
    "returns_5d": 0.0,
    "volatility": 0.0004726281366411725,
    "momentum": 0.0006111606830293858,
    "mean_reversion": 0.0020782107294368495,
    "volume_profile": 0.012991072565779579,
    "trend_strength": 0.012228803451687373,
    "regime_confidence": 0.04833131393607841,
    "signal_strength": 0.00283915104891773,
    "market_volatility": 0.008028206070367,
    "position_size": 0.0016724552213249755,
    "entry_price": 0.01770164484326649,
    "exit_price": 0.00473912491421374,
    "hold_duration": 0.0015010332831986784,
    "strategy_confidence": 0.0034178107909741914
  },
  "shap_values": null,
  "ranks": {
    "regime_confidence": 1,
    "entry_price": 2,
    "volume_profile": 3,
    "trend_strength": 4,
    "market_volatility": 5,
    "exit_price": 6,
    "strategy_confidence": 7,
    "signal_strength": 8,
    "mean_reversion": 9,
    "position_size": 10,
    "hold_duration": 11,
    "momentum": 12,
    "volatility": 13,
    "z_score": 14,
    "rsi": 15,
    "price_position": 16,
    "sma_ratio": 17,
    "returns_5d": 18
  },
  "alpha_scores": {
    "z_score": 0.0,
    "rsi": 0.0,
    "price_position": 0.0,
    "sma_ratio": 0.0,
    "returns_5d": 0.0,
    "volatility": 0.0005907851708014657,
    "momentum": 0.0007639508537867323,
    "mean_reversion": 0.002597763411796062,
    "volume_profile": 0.016238840707224474,
    "trend_strength": 0.015286004314609216,
    "regime_confidence": 0.060414142420098016,
    "signal_strength": 0.003548938811147162,
    "market_volatility": 0.01003525758795875,
    "position_size": 0.0020905690266562194,
    "entry_price": 0.022127056054083112,
    "exit_price": 0.005923906142767175,
    "hold_duration": 0.001876291603998348,
    "strategy_confidence": 0.004272263488717739
  },
  "metadata": {
    "run_id": "run_e1f274b8",
    "timestamp": "2025-08-16T12:22:34.070677",
    "ticker": "SPY",
    "start_date": "2021-05-19",
    "end_date": "2021-09-21",
    "model_type": "ridge",
    "seed": 42,
    "total_trades": 0,
    "avg_profit": 0.0,
    "win_rate": 0.5,
    "sharpe_ratio": 0.0,
    "checkpoint_path": null,
    "importance_path": null
  }
}
