{
  "run_id": "run_af0623e5",
  "timestamp": "2025-08-16T11:57:00.954967",
  "feature_importances": {
    "z_score": 0.0,
    "rsi": 0.0,
    "price_position": 0.0,
    "sma_ratio": 0.0,
    "returns_5d": 0.0,
    "volatility": 0.00108632478883564,
    "momentum": 0.0007805135046374817,
    "mean_reversion": 0.0035462036727991176,
    "volume_profile": 0.01586351828316455,
    "trend_strength": 0.012132240948022562,
    "regime_confidence": 0.052234257683297695,
    "signal_strength": 0.002135429502812763,
    "market_volatility": 0.006482045537505822,
    "position_size": 1.164540975204659e-05,
    "entry_price": 0.018623054638575744,
    "exit_price": 0.0024195673264081952,
    "hold_duration": 0.00047644646657929077,
    "strategy_confidence": 0.002918836794692657
  },
  "coefficients": {
    "z_score": 0.0,
    "rsi": 0.0,
    "price_position": 0.0,
    "sma_ratio": 0.0,
    "returns_5d": 0.0,
    "volatility": 0.00108632478883564,
    "momentum": 0.0007805135046374817,
    "mean_reversion": 0.0035462036727991176,
    "volume_profile": 0.01586351828316455,
    "trend_strength": 0.012132240948022562,
    "regime_confidence": 0.052234257683297695,
    "signal_strength": 0.002135429502812763,
    "market_volatility": 0.006482045537505822,
    "position_size": 1.164540975204659e-05,
    "entry_price": 0.018623054638575744,
    "exit_price": 0.0024195673264081952,
    "hold_duration": 0.00047644646657929077,
    "strategy_confidence": 0.002918836794692657
  },
  "shap_values": null,
  "ranks": {
    "regime_confidence": 1,
    "entry_price": 2,
    "volume_profile": 3,
    "trend_strength": 4,
    "market_volatility": 5,
    "mean_reversion": 6,
    "strategy_confidence": 7,
    "exit_price": 8,
    "signal_strength": 9,
    "volatility": 10,
    "momentum": 11,
    "hold_duration": 12,
    "position_size": 13,
    "z_score": 14,
    "rsi": 15,
    "price_position": 16,
    "sma_ratio": 17,
    "returns_5d": 18
  },
  "alpha_scores": {
    "z_score": 0.0,
    "rsi": 0.0,
    "price_position": 0.0,
    "sma_ratio": 0.0,
    "returns_5d": 0.0,
    "volatility": 0.0013579059860445502,
    "momentum": 0.0009756418807968521,
    "mean_reversion": 0.004432754590998897,
    "volume_profile": 0.01982939785395569,
    "trend_strength": 0.015165301185028204,
    "regime_confidence": 0.06529282210412211,
    "signal_strength": 0.002669286878515954,
    "market_volatility": 0.008102556921882277,
    "position_size": 1.4556762190058237e-05,
    "entry_price": 0.02327881829821968,
    "exit_price": 0.003024459158010244,
    "hold_duration": 0.0005955580832241135,
    "strategy_confidence": 0.003648545993365821
  },
  "metadata": {
    "run_id": "run_af0623e5",
    "timestamp": "2025-08-16T11:57:00.954967",
    "ticker": "SPY",
    "start_date": "2020-09-09",
    "end_date": "2021-01-12",
    "model_type": "ridge",
    "seed": 42,
    "total_trades": 0,
    "avg_profit": 0.0,
    "win_rate": 0.5,
    "sharpe_ratio": 0.0,
    "checkpoint_path": null,
    "importance_path": null
  }
}
