{
  "run_id": "run_3841821d",
  "timestamp": "2025-08-16T08:06:01.747032",
  "feature_importances": {
    "z_score": 0.0,
    "rsi": 0.0,
    "price_position": 0.0,
    "sma_ratio": 0.0,
    "returns_5d": 0.0,
    "volatility": 0.002320047337365606,
    "momentum": 0.0005136384497592846,
    "mean_reversion": 0.003452527564334182,
    "volume_profile": 0.0349195301587549,
    "trend_strength": 0.013151499737648495,
    "regime_confidence": 0.06797525432958998,
    "signal_strength": 0.0013219961855776593,
    "market_volatility": 0.004075715232426983,
    "position_size": 0.0022429802043036806,
    "entry_price": 0.017747865117072718,
    "exit_price": 0.011532717080821327,
    "hold_duration": 0.00011633406366825624,
    "strategy_confidence": 0.004871135646015199
  },
  "coefficients": {
    "z_score": 0.0,
    "rsi": 0.0,
    "price_position": 0.0,
    "sma_ratio": 0.0,
    "returns_5d": 0.0,
    "volatility": 0.002320047337365606,
    "momentum": 0.0005136384497592846,
    "mean_reversion": 0.003452527564334182,
    "volume_profile": 0.0349195301587549,
    "trend_strength": 0.013151499737648495,
    "regime_confidence": 0.06797525432958998,
    "signal_strength": 0.0013219961855776593,
    "market_volatility": 0.004075715232426983,
    "position_size": 0.0022429802043036806,
    "entry_price": 0.017747865117072718,
    "exit_price": 0.011532717080821327,
    "hold_duration": 0.00011633406366825624,
    "strategy_confidence": 0.004871135646015199
  },
  "shap_values": null,
  "ranks": {
    "regime_confidence": 1,
    "volume_profile": 2,
    "entry_price": 3,
    "trend_strength": 4,
    "exit_price": 5,
    "strategy_confidence": 6,
    "market_volatility": 7,
    "mean_reversion": 8,
    "volatility": 9,
    "position_size": 10,
    "signal_strength": 11,
    "momentum": 12,
    "hold_duration": 13,
    "z_score": 14,
    "rsi": 15,
    "price_position": 16,
    "sma_ratio": 17,
    "returns_5d": 18
  },
  "alpha_scores": {
    "z_score": 0.0,
    "rsi": 0.0,
    "price_position": 0.0,
    "sma_ratio": 0.0,
    "returns_5d": 0.0,
    "volatility": 0.0029000591717070075,
    "momentum": 0.0006420480621991058,
    "mean_reversion": 0.004315659455417727,
    "volume_profile": 0.04364941269844363,
    "trend_strength": 0.01643937467206062,
    "regime_confidence": 0.08496906791198747,
    "signal_strength": 0.0016524952319720743,
    "market_volatility": 0.005094644040533728,
    "position_size": 0.0028037252553796007,
    "entry_price": 0.022184831396340896,
    "exit_price": 0.014415896351026658,
    "hold_duration": 0.0001454175795853203,
    "strategy_confidence": 0.006088919557518999
  },
  "metadata": {
    "run_id": "run_3841821d",
    "timestamp": "2025-08-16T08:06:01.747032",
    "ticker": "SPY",
    "start_date": "2021-02-24",
    "end_date": "2021-08-10",
    "model_type": "ridge",
    "seed": 42,
    "total_trades": 0,
    "avg_profit": 0.0,
    "win_rate": 0.5,
    "sharpe_ratio": 0.0,
    "checkpoint_path": null,
    "importance_path": null
  }
}
