{
  "run_id": "run_b8fa4349",
  "timestamp": "2025-08-16T09:46:23.774063",
  "feature_importances": {
    "z_score": 0.0,
    "rsi": 0.0,
    "price_position": 0.0,
    "sma_ratio": 0.0,
    "returns_5d": 0.0,
    "volatility": 0.002102810436367601,
    "momentum": 0.0006587274899228979,
    "mean_reversion": 0.002681693042093202,
    "volume_profile": 0.027556226921331663,
    "trend_strength": 0.012579001226508759,
    "regime_confidence": 0.06077486880384192,
    "signal_strength": 0.0011260259522614844,
    "market_volatility": 0.001404315140325337,
    "position_size": 0.0010871239277984235,
    "entry_price": 0.018340857114580625,
    "exit_price": 0.00532252609441745,
    "hold_duration": 8.540001299105703e-05,
    "strategy_confidence": 0.004176501593969914
  },
  "coefficients": {
    "z_score": 0.0,
    "rsi": 0.0,
    "price_position": 0.0,
    "sma_ratio": 0.0,
    "returns_5d": 0.0,
    "volatility": 0.002102810436367601,
    "momentum": 0.0006587274899228979,
    "mean_reversion": 0.002681693042093202,
    "volume_profile": 0.027556226921331663,
    "trend_strength": 0.012579001226508759,
    "regime_confidence": 0.06077486880384192,
    "signal_strength": 0.0011260259522614844,
    "market_volatility": 0.001404315140325337,
    "position_size": 0.0010871239277984235,
    "entry_price": 0.018340857114580625,
    "exit_price": 0.00532252609441745,
    "hold_duration": 8.540001299105703e-05,
    "strategy_confidence": 0.004176501593969914
  },
  "shap_values": null,
  "ranks": {
    "regime_confidence": 1,
    "volume_profile": 2,
    "entry_price": 3,
    "trend_strength": 4,
    "exit_price": 5,
    "strategy_confidence": 6,
    "mean_reversion": 7,
    "volatility": 8,
    "market_volatility": 9,
    "signal_strength": 10,
    "position_size": 11,
    "momentum": 12,
    "hold_duration": 13,
    "z_score": 14,
    "rsi": 15,
    "price_position": 16,
    "sma_ratio": 17,
    "returns_5d": 18
  },
  "alpha_scores": {
    "z_score": 0.0,
    "rsi": 0.0,
    "price_position": 0.0,
    "sma_ratio": 0.0,
    "returns_5d": 0.0,
    "volatility": 0.0026285130454595015,
    "momentum": 0.0008234093624036224,
    "mean_reversion": 0.0033521163026165026,
    "volume_profile": 0.03444528365166458,
    "trend_strength": 0.01572375153313595,
    "regime_confidence": 0.0759685860048024,
    "signal_strength": 0.0014075324403268555,
    "market_volatility": 0.0017553939254066713,
    "position_size": 0.0013589049097480295,
    "entry_price": 0.02292607139322578,
    "exit_price": 0.006653157618021812,
    "hold_duration": 0.00010675001623882129,
    "strategy_confidence": 0.0052206269924623926
  },
  "metadata": {
    "run_id": "run_b8fa4349",
    "timestamp": "2025-08-16T09:46:23.774063",
    "ticker": "SPY",
    "start_date": "2020-05-06",
    "end_date": "2021-05-18",
    "model_type": "ridge",
    "seed": 42,
    "total_trades": 0,
    "avg_profit": 0.0,
    "win_rate": 0.5,
    "sharpe_ratio": 0.0,
    "checkpoint_path": null,
    "importance_path": null
  }
}
