{
  "run_id": "run_e5326a15",
  "timestamp": "2025-08-16T05:28:53.509613",
  "feature_importances": {
    "z_score": 0.0,
    "rsi": 0.0,
    "price_position": 0.0,
    "sma_ratio": 0.0,
    "returns_5d": 0.0,
    "volatility": 0.00024071342956798802,
    "momentum": 0.002218085153909082,
    "mean_reversion": 0.003104184013176323,
    "volume_profile": 0.027269052184498103,
    "trend_strength": 0.01452362280187518,
    "regime_confidence": 0.007502340042201126,
    "signal_strength": 5.746791980936301e-05,
    "market_volatility": 0.02377287778320976,
    "position_size": 0.00013299664300269742,
    "entry_price": 0.0019900293579739993,
    "exit_price": 0.024169813396758603,
    "hold_duration": 0.0023647922795698773,
    "strategy_confidence": 0.0005793538988214926
  },
  "coefficients": {
    "z_score": 0.0,
    "rsi": 0.0,
    "price_position": 0.0,
    "sma_ratio": 0.0,
    "returns_5d": 0.0,
    "volatility": 0.00024071342956798802,
    "momentum": 0.002218085153909082,
    "mean_reversion": 0.003104184013176323,
    "volume_profile": 0.027269052184498103,
    "trend_strength": 0.01452362280187518,
    "regime_confidence": 0.007502340042201126,
    "signal_strength": 5.746791980936301e-05,
    "market_volatility": 0.02377287778320976,
    "position_size": 0.00013299664300269742,
    "entry_price": 0.0019900293579739993,
    "exit_price": 0.024169813396758603,
    "hold_duration": 0.0023647922795698773,
    "strategy_confidence": 0.0005793538988214926
  },
  "shap_values": null,
  "ranks": {
    "volume_profile": 1,
    "exit_price": 2,
    "market_volatility": 3,
    "trend_strength": 4,
    "regime_confidence": 5,
    "mean_reversion": 6,
    "hold_duration": 7,
    "momentum": 8,
    "entry_price": 9,
    "strategy_confidence": 10,
    "volatility": 11,
    "position_size": 12,
    "signal_strength": 13,
    "z_score": 14,
    "rsi": 15,
    "price_position": 16,
    "sma_ratio": 17,
    "returns_5d": 18
  },
  "alpha_scores": {
    "z_score": 0.0,
    "rsi": 0.0,
    "price_position": 0.0,
    "sma_ratio": 0.0,
    "returns_5d": 0.0,
    "volatility": 0.00030089178695998504,
    "momentum": 0.0027726064423863523,
    "mean_reversion": 0.003880230016470404,
    "volume_profile": 0.03408631523062263,
    "trend_strength": 0.018154528502343975,
    "regime_confidence": 0.009377925052751408,
    "signal_strength": 7.183489976170376e-05,
    "market_volatility": 0.0297160972290122,
    "position_size": 0.00016624580375337178,
    "entry_price": 0.002487536697467499,
    "exit_price": 0.030212266745948256,
    "hold_duration": 0.0029559903494623466,
    "strategy_confidence": 0.0007241923735268657
  },
  "metadata": {
    "run_id": "run_e5326a15",
    "timestamp": "2025-08-16T05:28:53.509613",
    "ticker": "SPY",
    "start_date": "2019-01-01",
    "end_date": "2019-11-11",
    "model_type": "ridge",
    "seed": 42,
    "total_trades": 0,
    "avg_profit": 0.0,
    "win_rate": 0.5,
    "sharpe_ratio": 0.0,
    "checkpoint_path": null,
    "importance_path": null
  }
}
