{
  "run_id": "run_182a9afb",
  "timestamp": "2025-08-16T17:17:44.084270",
  "feature_importances": {
    "z_score": 0.0,
    "rsi": 0.0,
    "price_position": 0.0,
    "sma_ratio": 0.0,
    "returns_5d": 0.0,
    "volatility": 0.0004536150453805769,
    "momentum": 0.00019930263671353175,
    "mean_reversion": 0.0004623924547185537,
    "volume_profile": 0.0002712225139095025,
    "trend_strength": 0.012747882539753208,
    "regime_confidence": 0.03866637963647789,
    "signal_strength": 0.003654915664217014,
    "market_volatility": 0.009626072880278167,
    "position_size": 0.0024575828312012903,
    "entry_price": 0.015578928354163957,
    "exit_price": 0.009276777915321412,
    "hold_duration": 0.002852847282133049,
    "strategy_confidence": 0.004641951134724053
  },
  "coefficients": {
    "z_score": 0.0,
    "rsi": 0.0,
    "price_position": 0.0,
    "sma_ratio": 0.0,
    "returns_5d": 0.0,
    "volatility": 0.0004536150453805769,
    "momentum": 0.00019930263671353175,
    "mean_reversion": 0.0004623924547185537,
    "volume_profile": 0.0002712225139095025,
    "trend_strength": 0.012747882539753208,
    "regime_confidence": 0.03866637963647789,
    "signal_strength": 0.003654915664217014,
    "market_volatility": 0.009626072880278167,
    "position_size": 0.0024575828312012903,
    "entry_price": 0.015578928354163957,
    "exit_price": 0.009276777915321412,
    "hold_duration": 0.002852847282133049,
    "strategy_confidence": 0.004641951134724053
  },
  "shap_values": null,
  "ranks": {
    "regime_confidence": 1,
    "entry_price": 2,
    "trend_strength": 3,
    "market_volatility": 4,
    "exit_price": 5,
    "strategy_confidence": 6,
    "signal_strength": 7,
    "hold_duration": 8,
    "position_size": 9,
    "mean_reversion": 10,
    "volatility": 11,
    "volume_profile": 12,
    "momentum": 13,
    "z_score": 14,
    "rsi": 15,
    "price_position": 16,
    "sma_ratio": 17,
    "returns_5d": 18
  },
  "alpha_scores": {
    "z_score": 0.0,
    "rsi": 0.0,
    "price_position": 0.0,
    "sma_ratio": 0.0,
    "returns_5d": 0.0,
    "volatility": 0.0005670188067257211,
    "momentum": 0.0002491282958919147,
    "mean_reversion": 0.0005779905683981921,
    "volume_profile": 0.0003390281423868781,
    "trend_strength": 0.01593485317469151,
    "regime_confidence": 0.04833297454559737,
    "signal_strength": 0.004568644580271268,
    "market_volatility": 0.01203259110034771,
    "position_size": 0.003071978539001613,
    "entry_price": 0.019473660442704946,
    "exit_price": 0.011595972394151766,
    "hold_duration": 0.003566059102666311,
    "strategy_confidence": 0.0058024389184050664
  },
  "metadata": {
    "run_id": "run_182a9afb",
    "timestamp": "2025-08-16T17:17:44.084270",
    "ticker": "SPY",
    "start_date": "2021-05-19",
    "end_date": "2021-09-21",
    "model_type": "ridge",
    "seed": 42,
    "total_trades": 0,
    "avg_profit": 0.0,
    "win_rate": 0.5,
    "sharpe_ratio": 0.0,
    "checkpoint_path": null,
    "importance_path": null
  }
}
