{
  "run_id": "run_865437b7",
  "timestamp": "2025-08-16T13:03:24.689053",
  "feature_importances": {
    "z_score": 0.0,
    "rsi": 0.0,
    "price_position": 0.0,
    "sma_ratio": 0.0,
    "returns_5d": 0.0,
    "volatility": 0.00020834474092937583,
    "momentum": 0.0009516125407806023,
    "mean_reversion": 0.001467686656264419,
    "volume_profile": 0.0067514151337173135,
    "trend_strength": 0.012264366425395334,
    "regime_confidence": 0.043541238358872164,
    "signal_strength": 0.0035625286464022045,
    "market_volatility": 0.008053257880701202,
    "position_size": 0.001069189288661974,
    "entry_price": 0.0165390909001919,
    "exit_price": 0.007278602468534884,
    "hold_duration": 0.002123687258899512,
    "strategy_confidence": 0.00377620684009657
  },
  "coefficients": {
    "z_score": 0.0,
    "rsi": 0.0,
    "price_position": 0.0,
    "sma_ratio": 0.0,
    "returns_5d": 0.0,
    "volatility": 0.00020834474092937583,
    "momentum": 0.0009516125407806023,
    "mean_reversion": 0.001467686656264419,
    "volume_profile": 0.0067514151337173135,
    "trend_strength": 0.012264366425395334,
    "regime_confidence": 0.043541238358872164,
    "signal_strength": 0.0035625286464022045,
    "market_volatility": 0.008053257880701202,
    "position_size": 0.001069189288661974,
    "entry_price": 0.0165390909001919,
    "exit_price": 0.007278602468534884,
    "hold_duration": 0.002123687258899512,
    "strategy_confidence": 0.00377620684009657
  },
  "shap_values": null,
  "ranks": {
    "regime_confidence": 1,
    "entry_price": 2,
    "trend_strength": 3,
    "market_volatility": 4,
    "exit_price": 5,
    "volume_profile": 6,
    "strategy_confidence": 7,
    "signal_strength": 8,
    "hold_duration": 9,
    "mean_reversion": 10,
    "position_size": 11,
    "momentum": 12,
    "volatility": 13,
    "z_score": 14,
    "rsi": 15,
    "price_position": 16,
    "sma_ratio": 17,
    "returns_5d": 18
  },
  "alpha_scores": {
    "z_score": 0.0,
    "rsi": 0.0,
    "price_position": 0.0,
    "sma_ratio": 0.0,
    "returns_5d": 0.0,
    "volatility": 0.00026043092616171977,
    "momentum": 0.0011895156759757527,
    "mean_reversion": 0.0018346083203305238,
    "volume_profile": 0.008439268917146641,
    "trend_strength": 0.015330458031744168,
    "regime_confidence": 0.054426547948590205,
    "signal_strength": 0.004453160808002755,
    "market_volatility": 0.010066572350876503,
    "position_size": 0.0013364866108274676,
    "entry_price": 0.020673863625239874,
    "exit_price": 0.009098253085668605,
    "hold_duration": 0.00265460907362439,
    "strategy_confidence": 0.004720258550120713
  },
  "metadata": {
    "run_id": "run_865437b7",
    "timestamp": "2025-08-16T13:03:24.689053",
    "ticker": "SPY",
    "start_date": "2021-01-13",
    "end_date": "2021-05-18",
    "model_type": "ridge",
    "seed": 42,
    "total_trades": 0,
    "avg_profit": 0.0,
    "win_rate": 0.5,
    "sharpe_ratio": 0.0,
    "checkpoint_path": null,
    "importance_path": null
  }
}
