{
  "run_id": "run_ee534f2f",
  "timestamp": "2025-08-16T05:31:23.772735",
  "feature_importances": {
    "z_score": 0.0,
    "rsi": 0.0,
    "price_position": 0.0,
    "sma_ratio": 0.0,
    "returns_5d": 0.0,
    "volatility": 0.00245337616360866,
    "momentum": 0.005821741597797184,
    "mean_reversion": 0.015214405563853282,
    "volume_profile": 0.04134273303385942,
    "trend_strength": 0.023955698832977268,
    "regime_confidence": 0.058723947633009886,
    "signal_strength": 3.902085246206225e-05,
    "market_volatility": 0.0016907455953216785,
    "position_size": 0.0007249425806416208,
    "entry_price": 0.001087204382774568,
    "exit_price": 0.007922358850341623,
    "hold_duration": 0.0018475668088160399,
    "strategy_confidence": 0.009895692725753684
  },
  "coefficients": {
    "z_score": 0.0,
    "rsi": 0.0,
    "price_position": 0.0,
    "sma_ratio": 0.0,
    "returns_5d": 0.0,
    "volatility": 0.00245337616360866,
    "momentum": 0.005821741597797184,
    "mean_reversion": 0.015214405563853282,
    "volume_profile": 0.04134273303385942,
    "trend_strength": 0.023955698832977268,
    "regime_confidence": 0.058723947633009886,
    "signal_strength": 3.902085246206225e-05,
    "market_volatility": 0.0016907455953216785,
    "position_size": 0.0007249425806416208,
    "entry_price": 0.001087204382774568,
    "exit_price": 0.007922358850341623,
    "hold_duration": 0.0018475668088160399,
    "strategy_confidence": 0.009895692725753684
  },
  "shap_values": null,
  "ranks": {
    "regime_confidence": 1,
    "volume_profile": 2,
    "trend_strength": 3,
    "mean_reversion": 4,
    "strategy_confidence": 5,
    "exit_price": 6,
    "momentum": 7,
    "volatility": 8,
    "hold_duration": 9,
    "market_volatility": 10,
    "entry_price": 11,
    "position_size": 12,
    "signal_strength": 13,
    "z_score": 14,
    "rsi": 15,
    "price_position": 16,
    "sma_ratio": 17,
    "returns_5d": 18
  },
  "alpha_scores": {
    "z_score": 0.0,
    "rsi": 0.0,
    "price_position": 0.0,
    "sma_ratio": 0.0,
    "returns_5d": 0.0,
    "volatility": 0.003066720204510825,
    "momentum": 0.0072771769972464805,
    "mean_reversion": 0.0190180069548166,
    "volume_profile": 0.05167841629232428,
    "trend_strength": 0.029944623541221585,
    "regime_confidence": 0.07340493454126236,
    "signal_strength": 4.8776065577577814e-05,
    "market_volatility": 0.002113431994152098,
    "position_size": 0.000906178225802026,
    "entry_price": 0.0013590054784682099,
    "exit_price": 0.009902948562927028,
    "hold_duration": 0.00230945851102005,
    "strategy_confidence": 0.012369615907192105
  },
  "metadata": {
    "run_id": "run_ee534f2f",
    "timestamp": "2025-08-16T05:31:23.772735",
    "ticker": "SPY",
    "start_date": "2019-01-01",
    "end_date": "2019-11-11",
    "model_type": "ridge",
    "seed": 42,
    "total_trades": 0,
    "avg_profit": 0.0,
    "win_rate": 0.5,
    "sharpe_ratio": 0.0,
    "checkpoint_path": null,
    "importance_path": null
  }
}
