{
  "run_id": "run_3314ea67",
  "timestamp": "2025-08-16T18:28:54.720917",
  "feature_importances": {
    "z_score": 0.0,
    "rsi": 0.0,
    "price_position": 0.0,
    "sma_ratio": 0.0,
    "returns_5d": 0.0,
    "volatility": 0.0004916716073848724,
    "momentum": 0.00019095634658173778,
    "mean_reversion": 0.0005483342724725653,
    "volume_profile": 0.004742713750108077,
    "trend_strength": 0.013599385280746805,
    "regime_confidence": 0.035716276792605244,
    "signal_strength": 0.0032247571768920565,
    "market_volatility": 0.001758525344718289,
    "position_size": 0.004235916737655616,
    "entry_price": 0.015046280557424681,
    "exit_price": 6.584753598519975e-05,
    "hold_duration": 0.002718651656601062,
    "strategy_confidence": 0.003538431055227319
  },
  "coefficients": {
    "z_score": 0.0,
    "rsi": 0.0,
    "price_position": 0.0,
    "sma_ratio": 0.0,
    "returns_5d": 0.0,
    "volatility": -0.0004916716073848724,
    "momentum": 0.00019095634658173778,
    "mean_reversion": 0.0005483342724725653,
    "volume_profile": -0.004742713750108077,
    "trend_strength": 0.013599385280746805,
    "regime_confidence": 0.035716276792605244,
    "signal_strength": 0.0032247571768920565,
    "market_volatility": -0.001758525344718289,
    "position_size": 0.004235916737655616,
    "entry_price": 0.015046280557424681,
    "exit_price": 6.584753598519975e-05,
    "hold_duration": -0.002718651656601062,
    "strategy_confidence": 0.003538431055227319
  },
  "shap_values": null,
  "ranks": {
    "regime_confidence": 1,
    "entry_price": 2,
    "trend_strength": 3,
    "volume_profile": 4,
    "position_size": 5,
    "strategy_confidence": 6,
    "signal_strength": 7,
    "hold_duration": 8,
    "market_volatility": 9,
    "mean_reversion": 10,
    "volatility": 11,
    "momentum": 12,
    "exit_price": 13,
    "z_score": 14,
    "rsi": 15,
    "price_position": 16,
    "sma_ratio": 17,
    "returns_5d": 18
  },
  "alpha_scores": {
    "z_score": 0.0,
    "rsi": 0.0,
    "price_position": 0.0,
    "sma_ratio": 0.0,
    "returns_5d": 0.0,
    "volatility": 0.01820602959906607,
    "momentum": 0.007070892127548145,
    "mean_reversion": 0.02030418239506631,
    "volume_profile": 0.17561719167317116,
    "trend_strength": 0.5035694704180259,
    "regime_confidence": 1.322532321752721,
    "signal_strength": 0.11940901961894308,
    "market_volatility": 0.0651161547581242,
    "position_size": 0.15685108586018037,
    "entry_price": 0.5571463250467823,
    "exit_price": 0.0024382579168003423,
    "hold_duration": 0.1006685189590059,
    "strategy_confidence": 0.1310239996740256
  },
  "metadata": {
    "run_id": "run_3314ea67",
    "timestamp": "2025-08-16T18:28:54.720917",
    "ticker": "SPY",
    "start_date": "2025-08-16",
    "end_date": "2025-08-16",
    "model_type": "ridge",
    "seed": 42,
    "total_trades": 18374,
    "avg_profit": 0.26938892655748264,
    "win_rate": 1.0,
    "sharpe_ratio": 28.41450161049826,
    "checkpoint_path": null,
    "importance_path": null
  }
}
