{
  "run_id": "run_36a8e536",
  "timestamp": "2025-08-16T16:52:53.067539",
  "feature_importances": {
    "z_score": 0.0,
    "rsi": 0.0,
    "price_position": 0.0,
    "sma_ratio": 0.0,
    "returns_5d": 0.0,
    "volatility": 0.0005110186968932012,
    "momentum": 0.00011628060363275667,
    "mean_reversion": 0.000738357676451761,
    "volume_profile": 0.000336963111098451,
    "trend_strength": 0.012327834761326094,
    "regime_confidence": 0.03913511754150623,
    "signal_strength": 0.00372548334475915,
    "market_volatility": 0.007952503205631232,
    "position_size": 0.0018561090027723853,
    "entry_price": 0.015767250604874668,
    "exit_price": 0.007918716097792787,
    "hold_duration": 0.002387547877959496,
    "strategy_confidence": 0.004891837943670341
  },
  "coefficients": {
    "z_score": 0.0,
    "rsi": 0.0,
    "price_position": 0.0,
    "sma_ratio": 0.0,
    "returns_5d": 0.0,
    "volatility": 0.0005110186968932012,
    "momentum": 0.00011628060363275667,
    "mean_reversion": 0.000738357676451761,
    "volume_profile": 0.000336963111098451,
    "trend_strength": 0.012327834761326094,
    "regime_confidence": 0.03913511754150623,
    "signal_strength": 0.00372548334475915,
    "market_volatility": 0.007952503205631232,
    "position_size": 0.0018561090027723853,
    "entry_price": 0.015767250604874668,
    "exit_price": 0.007918716097792787,
    "hold_duration": 0.002387547877959496,
    "strategy_confidence": 0.004891837943670341
  },
  "shap_values": null,
  "ranks": {
    "regime_confidence": 1,
    "entry_price": 2,
    "trend_strength": 3,
    "market_volatility": 4,
    "exit_price": 5,
    "strategy_confidence": 6,
    "signal_strength": 7,
    "hold_duration": 8,
    "position_size": 9,
    "mean_reversion": 10,
    "volatility": 11,
    "volume_profile": 12,
    "momentum": 13,
    "z_score": 14,
    "rsi": 15,
    "price_position": 16,
    "sma_ratio": 17,
    "returns_5d": 18
  },
  "alpha_scores": {
    "z_score": 0.0,
    "rsi": 0.0,
    "price_position": 0.0,
    "sma_ratio": 0.0,
    "returns_5d": 0.0,
    "volatility": 0.0006387733711165015,
    "momentum": 0.00014535075454094585,
    "mean_reversion": 0.0009229470955647013,
    "volume_profile": 0.00042120388887306373,
    "trend_strength": 0.015409793451657617,
    "regime_confidence": 0.04891889692688279,
    "signal_strength": 0.0046568541809489375,
    "market_volatility": 0.00994062900703904,
    "position_size": 0.0023201362534654817,
    "entry_price": 0.019709063256093333,
    "exit_price": 0.009898395122240984,
    "hold_duration": 0.0029844348474493704,
    "strategy_confidence": 0.006114797429587926
  },
  "metadata": {
    "run_id": "run_36a8e536",
    "timestamp": "2025-08-16T16:52:53.067539",
    "ticker": "SPY",
    "start_date": "2020-09-09",
    "end_date": "2021-01-12",
    "model_type": "ridge",
    "seed": 42,
    "total_trades": 0,
    "avg_profit": 0.0,
    "win_rate": 0.5,
    "sharpe_ratio": 0.0,
    "checkpoint_path": null,
    "importance_path": null
  }
}
