{
  "run_id": "run_534223a8",
  "timestamp": "2025-08-16T14:51:42.466859",
  "feature_importances": {
    "z_score": 0.0,
    "rsi": 0.0,
    "price_position": 0.0,
    "sma_ratio": 0.0,
    "returns_5d": 0.0,
    "volatility": 0.0004230764288516239,
    "momentum": 0.0002785338219313718,
    "mean_reversion": 0.0013580677915850444,
    "volume_profile": 0.001911846487234242,
    "trend_strength": 0.012831354194779907,
    "regime_confidence": 0.04056142993884846,
    "signal_strength": 0.003730322162925094,
    "market_volatility": 0.00800316851401187,
    "position_size": 0.0010055626211977649,
    "entry_price": 0.01560382666465349,
    "exit_price": 0.0071155120066361734,
    "hold_duration": 0.002274125487602982,
    "strategy_confidence": 0.005040305034708128
  },
  "coefficients": {
    "z_score": 0.0,
    "rsi": 0.0,
    "price_position": 0.0,
    "sma_ratio": 0.0,
    "returns_5d": 0.0,
    "volatility": 0.0004230764288516239,
    "momentum": 0.0002785338219313718,
    "mean_reversion": 0.0013580677915850444,
    "volume_profile": 0.001911846487234242,
    "trend_strength": 0.012831354194779907,
    "regime_confidence": 0.04056142993884846,
    "signal_strength": 0.003730322162925094,
    "market_volatility": 0.00800316851401187,
    "position_size": 0.0010055626211977649,
    "entry_price": 0.01560382666465349,
    "exit_price": 0.0071155120066361734,
    "hold_duration": 0.002274125487602982,
    "strategy_confidence": 0.005040305034708128
  },
  "shap_values": null,
  "ranks": {
    "regime_confidence": 1,
    "entry_price": 2,
    "trend_strength": 3,
    "market_volatility": 4,
    "exit_price": 5,
    "strategy_confidence": 6,
    "signal_strength": 7,
    "hold_duration": 8,
    "volume_profile": 9,
    "mean_reversion": 10,
    "position_size": 11,
    "volatility": 12,
    "momentum": 13,
    "z_score": 14,
    "rsi": 15,
    "price_position": 16,
    "sma_ratio": 17,
    "returns_5d": 18
  },
  "alpha_scores": {
    "z_score": 0.0,
    "rsi": 0.0,
    "price_position": 0.0,
    "sma_ratio": 0.0,
    "returns_5d": 0.0,
    "volatility": 0.0005288455360645299,
    "momentum": 0.00034816727741421473,
    "mean_reversion": 0.0016975847394813054,
    "volume_profile": 0.0023898081090428023,
    "trend_strength": 0.016039192743474883,
    "regime_confidence": 0.050701787423560574,
    "signal_strength": 0.004662902703656368,
    "market_volatility": 0.010003960642514836,
    "position_size": 0.001256953276497206,
    "entry_price": 0.01950478333081686,
    "exit_price": 0.008894390008295217,
    "hold_duration": 0.0028426568595037276,
    "strategy_confidence": 0.00630038129338516
  },
  "metadata": {
    "run_id": "run_534223a8",
    "timestamp": "2025-08-16T14:51:42.466859",
    "ticker": "SPY",
    "start_date": "2020-09-09",
    "end_date": "2021-01-12",
    "model_type": "ridge",
    "seed": 42,
    "total_trades": 0,
    "avg_profit": 0.0,
    "win_rate": 0.5,
    "sharpe_ratio": 0.0,
    "checkpoint_path": null,
    "importance_path": null
  }
}
