{
  "run_id": "run_347eedda",
  "timestamp": "2025-08-16T17:49:42.178282",
  "feature_importances": {
    "z_score": 0.0,
    "rsi": 0.0,
    "price_position": 0.0,
    "sma_ratio": 0.0,
    "returns_5d": 0.0,
    "volatility": 0.0005342251642440747,
    "momentum": 0.0006068792743490105,
    "mean_reversion": 0.0002034576167103279,
    "volume_profile": 0.0010918755504813712,
    "trend_strength": 0.013301094103267038,
    "regime_confidence": 0.03809907878599868,
    "signal_strength": 0.0036921774117778658,
    "market_volatility": 0.00835242633014097,
    "position_size": 0.0036969935741193983,
    "entry_price": 0.016075142948338884,
    "exit_price": 0.00864045204573654,
    "hold_duration": 0.002954247520807687,
    "strategy_confidence": 0.0032896026958968865
  },
  "coefficients": {
    "z_score": 0.0,
    "rsi": 0.0,
    "price_position": 0.0,
    "sma_ratio": 0.0,
    "returns_5d": 0.0,
    "volatility": 0.0005342251642440747,
    "momentum": 0.0006068792743490105,
    "mean_reversion": 0.0002034576167103279,
    "volume_profile": 0.0010918755504813712,
    "trend_strength": 0.013301094103267038,
    "regime_confidence": 0.03809907878599868,
    "signal_strength": 0.0036921774117778658,
    "market_volatility": 0.00835242633014097,
    "position_size": 0.0036969935741193983,
    "entry_price": 0.016075142948338884,
    "exit_price": 0.00864045204573654,
    "hold_duration": 0.002954247520807687,
    "strategy_confidence": 0.0032896026958968865
  },
  "shap_values": null,
  "ranks": {
    "regime_confidence": 1,
    "entry_price": 2,
    "trend_strength": 3,
    "exit_price": 4,
    "market_volatility": 5,
    "position_size": 6,
    "signal_strength": 7,
    "strategy_confidence": 8,
    "hold_duration": 9,
    "volume_profile": 10,
    "momentum": 11,
    "volatility": 12,
    "mean_reversion": 13,
    "z_score": 14,
    "rsi": 15,
    "price_position": 16,
    "sma_ratio": 17,
    "returns_5d": 18
  },
  "alpha_scores": {
    "z_score": 0.0,
    "rsi": 0.0,
    "price_position": 0.0,
    "sma_ratio": 0.0,
    "returns_5d": 0.0,
    "volatility": 0.0006677814553050933,
    "momentum": 0.0007585990929362631,
    "mean_reversion": 0.00025432202088790986,
    "volume_profile": 0.001364844438101714,
    "trend_strength": 0.0166263676290838,
    "regime_confidence": 0.04762384848249834,
    "signal_strength": 0.004615221764722332,
    "market_volatility": 0.010440532912676211,
    "position_size": 0.004621241967649248,
    "entry_price": 0.020093928685423604,
    "exit_price": 0.010800565057170674,
    "hold_duration": 0.003692809401009609,
    "strategy_confidence": 0.004112003369871108
  },
  "metadata": {
    "run_id": "run_347eedda",
    "timestamp": "2025-08-16T17:49:42.178282",
    "ticker": "SPY",
    "start_date": "2020-04-04",
    "end_date": "2020-05-04",
    "model_type": "ridge",
    "seed": 42,
    "total_trades": 0,
    "avg_profit": 0.0,
    "win_rate": 0.5,
    "sharpe_ratio": 0.0,
    "checkpoint_path": null,
    "importance_path": null
  }
}
