{
  "run_id": "run_03224afc",
  "timestamp": "2025-08-16T18:00:30.313924",
  "feature_importances": {
    "z_score": 0.0,
    "rsi": 0.0,
    "price_position": 0.0,
    "sma_ratio": 0.0,
    "returns_5d": 0.0,
    "volatility": 0.00035522981930953475,
    "momentum": 0.00047988262650680764,
    "mean_reversion": 0.00028975339008636123,
    "volume_profile": 6.0935832950001275e-05,
    "trend_strength": 0.013454257597204002,
    "regime_confidence": 0.03663249005154478,
    "signal_strength": 0.003718123333252867,
    "market_volatility": 0.0075200029508843405,
    "position_size": 0.004005762259743046,
    "entry_price": 0.015889915133701592,
    "exit_price": 0.007526582318610964,
    "hold_duration": 0.0029069838008715446,
    "strategy_confidence": 0.002970719838385175
  },
  "coefficients": {
    "z_score": 0.0,
    "rsi": 0.0,
    "price_position": 0.0,
    "sma_ratio": 0.0,
    "returns_5d": 0.0,
    "volatility": 0.00035522981930953475,
    "momentum": 0.00047988262650680764,
    "mean_reversion": 0.00028975339008636123,
    "volume_profile": 6.0935832950001275e-05,
    "trend_strength": 0.013454257597204002,
    "regime_confidence": 0.03663249005154478,
    "signal_strength": 0.003718123333252867,
    "market_volatility": 0.0075200029508843405,
    "position_size": 0.004005762259743046,
    "entry_price": 0.015889915133701592,
    "exit_price": 0.007526582318610964,
    "hold_duration": 0.0029069838008715446,
    "strategy_confidence": 0.002970719838385175
  },
  "shap_values": null,
  "ranks": {
    "regime_confidence": 1,
    "entry_price": 2,
    "trend_strength": 3,
    "exit_price": 4,
    "market_volatility": 5,
    "position_size": 6,
    "signal_strength": 7,
    "strategy_confidence": 8,
    "hold_duration": 9,
    "momentum": 10,
    "volatility": 11,
    "mean_reversion": 12,
    "volume_profile": 13,
    "z_score": 14,
    "rsi": 15,
    "price_position": 16,
    "sma_ratio": 17,
    "returns_5d": 18
  },
  "alpha_scores": {
    "z_score": 0.0,
    "rsi": 0.0,
    "price_position": 0.0,
    "sma_ratio": 0.0,
    "returns_5d": 0.0,
    "volatility": 0.00044403727413691845,
    "momentum": 0.0005998532831335095,
    "mean_reversion": 0.00036219173760795154,
    "volume_profile": 7.616979118750159e-05,
    "trend_strength": 0.016817821996505004,
    "regime_confidence": 0.045790612564430976,
    "signal_strength": 0.004647654166566084,
    "market_volatility": 0.009400003688605425,
    "position_size": 0.0050072028246788075,
    "entry_price": 0.01986239391712699,
    "exit_price": 0.009408227898263705,
    "hold_duration": 0.0036337297510894307,
    "strategy_confidence": 0.0037133997979814683
  },
  "metadata": {
    "run_id": "run_03224afc",
    "timestamp": "2025-08-16T18:00:30.313924",
    "ticker": "SPY",
    "start_date": "2020-06-05",
    "end_date": "2020-06-30",
    "model_type": "ridge",
    "seed": 42,
    "total_trades": 0,
    "avg_profit": 0.0,
    "win_rate": 0.5,
    "sharpe_ratio": 0.0,
    "checkpoint_path": null,
    "importance_path": null
  }
}
