{
  "run_id": "run_ba27f7eb",
  "timestamp": "2025-08-16T17:55:09.661228",
  "feature_importances": {
    "z_score": 0.0,
    "rsi": 0.0,
    "price_position": 0.0,
    "sma_ratio": 0.0,
    "returns_5d": 0.0,
    "volatility": 0.00044869469258256137,
    "momentum": 0.000549826438279281,
    "mean_reversion": 0.0002520543088459906,
    "volume_profile": 0.00018617216990993475,
    "trend_strength": 0.013553933158076827,
    "regime_confidence": 0.03709448968979854,
    "signal_strength": 0.003864215390908761,
    "market_volatility": 0.008198435807895508,
    "position_size": 0.003783427838847704,
    "entry_price": 0.0159816001737497,
    "exit_price": 0.008175564472821606,
    "hold_duration": 0.002953154499213097,
    "strategy_confidence": 0.003260663164406296
  },
  "coefficients": {
    "z_score": 0.0,
    "rsi": 0.0,
    "price_position": 0.0,
    "sma_ratio": 0.0,
    "returns_5d": 0.0,
    "volatility": 0.00044869469258256137,
    "momentum": 0.000549826438279281,
    "mean_reversion": 0.0002520543088459906,
    "volume_profile": 0.00018617216990993475,
    "trend_strength": 0.013553933158076827,
    "regime_confidence": 0.03709448968979854,
    "signal_strength": 0.003864215390908761,
    "market_volatility": 0.008198435807895508,
    "position_size": 0.003783427838847704,
    "entry_price": 0.0159816001737497,
    "exit_price": 0.008175564472821606,
    "hold_duration": 0.002953154499213097,
    "strategy_confidence": 0.003260663164406296
  },
  "shap_values": null,
  "ranks": {
    "regime_confidence": 1,
    "entry_price": 2,
    "trend_strength": 3,
    "market_volatility": 4,
    "exit_price": 5,
    "signal_strength": 6,
    "position_size": 7,
    "strategy_confidence": 8,
    "hold_duration": 9,
    "momentum": 10,
    "volatility": 11,
    "mean_reversion": 12,
    "volume_profile": 13,
    "z_score": 14,
    "rsi": 15,
    "price_position": 16,
    "sma_ratio": 17,
    "returns_5d": 18
  },
  "alpha_scores": {
    "z_score": 0.0,
    "rsi": 0.0,
    "price_position": 0.0,
    "sma_ratio": 0.0,
    "returns_5d": 0.0,
    "volatility": 0.0005608683657282017,
    "momentum": 0.0006872830478491013,
    "mean_reversion": 0.00031506788605748827,
    "volume_profile": 0.00023271521238741843,
    "trend_strength": 0.01694241644759603,
    "regime_confidence": 0.04636811211224817,
    "signal_strength": 0.004830269238635951,
    "market_volatility": 0.010248044759869384,
    "position_size": 0.00472928479855963,
    "entry_price": 0.019977000217187124,
    "exit_price": 0.010219455591027007,
    "hold_duration": 0.0036914431240163714,
    "strategy_confidence": 0.00407582895550787
  },
  "metadata": {
    "run_id": "run_ba27f7eb",
    "timestamp": "2025-08-16T17:55:09.661228",
    "ticker": "SPY",
    "start_date": "2020-05-05",
    "end_date": "2020-06-04",
    "model_type": "ridge",
    "seed": 42,
    "total_trades": 0,
    "avg_profit": 0.0,
    "win_rate": 0.5,
    "sharpe_ratio": 0.0,
    "checkpoint_path": null,
    "importance_path": null
  }
}
