{
  "run_id": "run_bf9191e1",
  "timestamp": "2025-08-16T05:17:17.418495",
  "feature_importances": {
    "z_score": 0.0,
    "rsi": 0.0,
    "price_position": 0.0,
    "sma_ratio": 0.0,
    "returns_5d": 0.0,
    "volatility": 0.0010942318743823222,
    "momentum": 0.0010942318743824041,
    "mean_reversion": 0.0,
    "volume_profile": 0.0034891818166110132,
    "trend_strength": 0.006680735072620065,
    "regime_confidence": 0.004715096540675743,
    "signal_strength": 0.003906235008659043,
    "market_volatility": 0.008987213585541836,
    "position_size": 0.0006718514710515679,
    "entry_price": 0.005997943895219975,
    "exit_price": 0.007768178762401439,
    "hold_duration": 0.0011366967925390248,
    "strategy_confidence": 0.002079590284255121
  },
  "coefficients": {
    "z_score": 0.0,
    "rsi": 0.0,
    "price_position": 0.0,
    "sma_ratio": 0.0,
    "returns_5d": 0.0,
    "volatility": -0.0010942318743823222,
    "momentum": 0.0010942318743824041,
    "mean_reversion": 0.0,
    "volume_profile": 0.0034891818166110132,
    "trend_strength": 0.006680735072620065,
    "regime_confidence": 0.004715096540675743,
    "signal_strength": -0.003906235008659043,
    "market_volatility": -0.008987213585541836,
    "position_size": -0.0006718514710515679,
    "entry_price": 0.005997943895219975,
    "exit_price": 0.007768178762401439,
    "hold_duration": -0.0011366967925390248,
    "strategy_confidence": -0.002079590284255121
  },
  "shap_values": null,
  "ranks": {
    "market_volatility": 1,
    "exit_price": 2,
    "trend_strength": 3,
    "entry_price": 4,
    "regime_confidence": 5,
    "signal_strength": 6,
    "volume_profile": 7,
    "strategy_confidence": 8,
    "hold_duration": 9,
    "momentum": 10,
    "volatility": 11,
    "position_size": 12,
    "z_score": 13,
    "rsi": 14,
    "price_position": 15,
    "sma_ratio": 16,
    "returns_5d": 17,
    "mean_reversion": 18
  },
  "alpha_scores": {
    "z_score": 0.0,
    "rsi": 0.0,
    "price_position": 0.0,
    "sma_ratio": 0.0,
    "returns_5d": 0.0,
    "volatility": 0.003994387462306963,
    "momentum": 0.003994387462307263,
    "mean_reversion": 0.0,
    "volume_profile": 0.012736920234431829,
    "trend_strength": 0.024387376238817326,
    "regime_confidence": 0.017212003183761756,
    "signal_strength": 0.014259332513248063,
    "market_volatility": 0.0328069526282327,
    "position_size": 0.0024525287147349325,
    "entry_price": 0.021894913185755312,
    "exit_price": 0.02835698409079064,
    "hold_duration": 0.004149401532582309,
    "strategy_confidence": 0.0075913428886843866
  },
  "metadata": {
    "run_id": "run_bf9191e1",
    "timestamp": "2025-08-16T05:17:17.418495",
    "ticker": "SPY",
    "start_date": "2025-08-16",
    "end_date": "2025-08-16",
    "model_type": "ridge",
    "seed": 42,
    "total_trades": 179,
    "avg_profit": 0.04772772953253176,
    "win_rate": 1.0,
    "sharpe_ratio": 3.236781599046959,
    "checkpoint_path": null,
    "importance_path": null
  }
}
