{
  "run_id": "run_efccf45b",
  "timestamp": "2025-08-16T15:14:26.242680",
  "feature_importances": {
    "z_score": 0.0,
    "rsi": 0.0,
    "price_position": 0.0,
    "sma_ratio": 0.0,
    "returns_5d": 0.0,
    "volatility": 0.0003256534447661181,
    "momentum": 0.00017576698226812437,
    "mean_reversion": 0.0009693422325907728,
    "volume_profile": 0.0015117959873056626,
    "trend_strength": 0.012794356740490289,
    "regime_confidence": 0.039181142621822845,
    "signal_strength": 0.003867854347260961,
    "market_volatility": 0.007886594397181465,
    "position_size": 0.001095844596324668,
    "entry_price": 0.015426546631756757,
    "exit_price": 0.007665707435613002,
    "hold_duration": 0.0025470836615258136,
    "strategy_confidence": 0.004706479022882369
  },
  "coefficients": {
    "z_score": 0.0,
    "rsi": 0.0,
    "price_position": 0.0,
    "sma_ratio": 0.0,
    "returns_5d": 0.0,
    "volatility": 0.0003256534447661181,
    "momentum": 0.00017576698226812437,
    "mean_reversion": 0.0009693422325907728,
    "volume_profile": 0.0015117959873056626,
    "trend_strength": 0.012794356740490289,
    "regime_confidence": 0.039181142621822845,
    "signal_strength": 0.003867854347260961,
    "market_volatility": 0.007886594397181465,
    "position_size": 0.001095844596324668,
    "entry_price": 0.015426546631756757,
    "exit_price": 0.007665707435613002,
    "hold_duration": 0.0025470836615258136,
    "strategy_confidence": 0.004706479022882369
  },
  "shap_values": null,
  "ranks": {
    "regime_confidence": 1,
    "entry_price": 2,
    "trend_strength": 3,
    "market_volatility": 4,
    "exit_price": 5,
    "strategy_confidence": 6,
    "signal_strength": 7,
    "hold_duration": 8,
    "volume_profile": 9,
    "position_size": 10,
    "mean_reversion": 11,
    "volatility": 12,
    "momentum": 13,
    "z_score": 14,
    "rsi": 15,
    "price_position": 16,
    "sma_ratio": 17,
    "returns_5d": 18
  },
  "alpha_scores": {
    "z_score": 0.0,
    "rsi": 0.0,
    "price_position": 0.0,
    "sma_ratio": 0.0,
    "returns_5d": 0.0,
    "volatility": 0.0004070668059576476,
    "momentum": 0.00021970872783515547,
    "mean_reversion": 0.001211677790738466,
    "volume_profile": 0.0018897449841320782,
    "trend_strength": 0.015992945925612862,
    "regime_confidence": 0.04897642827727856,
    "signal_strength": 0.004834817934076201,
    "market_volatility": 0.009858242996476831,
    "position_size": 0.001369805745405835,
    "entry_price": 0.019283183289695947,
    "exit_price": 0.009582134294516252,
    "hold_duration": 0.003183854576907267,
    "strategy_confidence": 0.005883098778602961
  },
  "metadata": {
    "run_id": "run_efccf45b",
    "timestamp": "2025-08-16T15:14:26.242680",
    "ticker": "SPY",
    "start_date": "2021-05-19",
    "end_date": "2021-09-21",
    "model_type": "ridge",
    "seed": 42,
    "total_trades": 0,
    "avg_profit": 0.0,
    "win_rate": 0.5,
    "sharpe_ratio": 0.0,
    "checkpoint_path": null,
    "importance_path": null
  }
}
