{
  "run_id": "run_a1f8f3ab",
  "timestamp": "2025-08-16T05:33:57.044690",
  "feature_importances": {
    "z_score": 0.0,
    "rsi": 0.0,
    "price_position": 0.0,
    "sma_ratio": 0.0,
    "returns_5d": 0.0,
    "volatility": 0.0031171055232842378,
    "momentum": 0.0040367284656718785,
    "mean_reversion": 0.014371854088814416,
    "volume_profile": 0.04446192654357155,
    "trend_strength": 0.02326019377959395,
    "regime_confidence": 0.06252408836817186,
    "signal_strength": 0.0011287271070697246,
    "market_volatility": 0.009406226385803783,
    "position_size": 0.00048651498442156733,
    "entry_price": 0.0015043106711452408,
    "exit_price": 0.017948806739954994,
    "hold_duration": 0.0021840427588217977,
    "strategy_confidence": 0.012750841588856194
  },
  "coefficients": {
    "z_score": 0.0,
    "rsi": 0.0,
    "price_position": 0.0,
    "sma_ratio": 0.0,
    "returns_5d": 0.0,
    "volatility": 0.0031171055232842378,
    "momentum": 0.0040367284656718785,
    "mean_reversion": 0.014371854088814416,
    "volume_profile": 0.04446192654357155,
    "trend_strength": 0.02326019377959395,
    "regime_confidence": 0.06252408836817186,
    "signal_strength": 0.0011287271070697246,
    "market_volatility": 0.009406226385803783,
    "position_size": 0.00048651498442156733,
    "entry_price": 0.0015043106711452408,
    "exit_price": 0.017948806739954994,
    "hold_duration": 0.0021840427588217977,
    "strategy_confidence": 0.012750841588856194
  },
  "shap_values": null,
  "ranks": {
    "regime_confidence": 1,
    "volume_profile": 2,
    "trend_strength": 3,
    "exit_price": 4,
    "mean_reversion": 5,
    "strategy_confidence": 6,
    "market_volatility": 7,
    "momentum": 8,
    "volatility": 9,
    "hold_duration": 10,
    "entry_price": 11,
    "signal_strength": 12,
    "position_size": 13,
    "z_score": 14,
    "rsi": 15,
    "price_position": 16,
    "sma_ratio": 17,
    "returns_5d": 18
  },
  "alpha_scores": {
    "z_score": 0.0,
    "rsi": 0.0,
    "price_position": 0.0,
    "sma_ratio": 0.0,
    "returns_5d": 0.0,
    "volatility": 0.003896381904105297,
    "momentum": 0.005045910582089848,
    "mean_reversion": 0.01796481761101802,
    "volume_profile": 0.05557740817946444,
    "trend_strength": 0.02907524222449244,
    "regime_confidence": 0.07815511046021482,
    "signal_strength": 0.0014109088838371556,
    "market_volatility": 0.011757782982254729,
    "position_size": 0.0006081437305269591,
    "entry_price": 0.001880388338931551,
    "exit_price": 0.022436008424943744,
    "hold_duration": 0.002730053448527247,
    "strategy_confidence": 0.01593855198607024
  },
  "metadata": {
    "run_id": "run_a1f8f3ab",
    "timestamp": "2025-08-16T05:33:57.044690",
    "ticker": "SPY",
    "start_date": "2019-01-01",
    "end_date": "2019-11-11",
    "model_type": "ridge",
    "seed": 42,
    "total_trades": 0,
    "avg_profit": 0.0,
    "win_rate": 0.5,
    "sharpe_ratio": 0.0,
    "checkpoint_path": null,
    "importance_path": null
  }
}
