{
  "run_id": "run_222593ee",
  "timestamp": "2025-08-16T08:27:11.725794",
  "feature_importances": {
    "z_score": 0.0,
    "rsi": 0.0,
    "price_position": 0.0,
    "sma_ratio": 0.0,
    "returns_5d": 0.0,
    "volatility": 0.0017323497801660706,
    "momentum": 0.00015188995364782474,
    "mean_reversion": 0.0029099297479177892,
    "volume_profile": 0.03061746880799716,
    "trend_strength": 0.01225002455333033,
    "regime_confidence": 0.06286858091231222,
    "signal_strength": 0.000767313445701281,
    "market_volatility": 0.0006598491575704746,
    "position_size": 0.0012958814930301163,
    "entry_price": 0.019252884353490415,
    "exit_price": 0.006838619751391071,
    "hold_duration": 7.015252062985391e-05,
    "strategy_confidence": 0.004849486970454562
  },
  "coefficients": {
    "z_score": 0.0,
    "rsi": 0.0,
    "price_position": 0.0,
    "sma_ratio": 0.0,
    "returns_5d": 0.0,
    "volatility": 0.0017323497801660706,
    "momentum": 0.00015188995364782474,
    "mean_reversion": 0.0029099297479177892,
    "volume_profile": 0.03061746880799716,
    "trend_strength": 0.01225002455333033,
    "regime_confidence": 0.06286858091231222,
    "signal_strength": 0.000767313445701281,
    "market_volatility": 0.0006598491575704746,
    "position_size": 0.0012958814930301163,
    "entry_price": 0.019252884353490415,
    "exit_price": 0.006838619751391071,
    "hold_duration": 7.015252062985391e-05,
    "strategy_confidence": 0.004849486970454562
  },
  "shap_values": null,
  "ranks": {
    "regime_confidence": 1,
    "volume_profile": 2,
    "entry_price": 3,
    "trend_strength": 4,
    "exit_price": 5,
    "strategy_confidence": 6,
    "mean_reversion": 7,
    "volatility": 8,
    "position_size": 9,
    "signal_strength": 10,
    "market_volatility": 11,
    "momentum": 12,
    "hold_duration": 13,
    "z_score": 14,
    "rsi": 15,
    "price_position": 16,
    "sma_ratio": 17,
    "returns_5d": 18
  },
  "alpha_scores": {
    "z_score": 0.0,
    "rsi": 0.0,
    "price_position": 0.0,
    "sma_ratio": 0.0,
    "returns_5d": 0.0,
    "volatility": 0.0021654372252075883,
    "momentum": 0.00018986244205978093,
    "mean_reversion": 0.0036374121848972364,
    "volume_profile": 0.03827183600999645,
    "trend_strength": 0.015312530691662912,
    "regime_confidence": 0.07858572614039028,
    "signal_strength": 0.0009591418071266013,
    "market_volatility": 0.0008248114469630932,
    "position_size": 0.0016198518662876454,
    "entry_price": 0.02406610544186302,
    "exit_price": 0.008548274689238838,
    "hold_duration": 8.76906507873174e-05,
    "strategy_confidence": 0.006061858713068203
  },
  "metadata": {
    "run_id": "run_222593ee",
    "timestamp": "2025-08-16T08:27:11.725794",
    "ticker": "SPY",
    "start_date": "2020-09-09",
    "end_date": "2021-09-21",
    "model_type": "ridge",
    "seed": 42,
    "total_trades": 0,
    "avg_profit": 0.0,
    "win_rate": 0.5,
    "sharpe_ratio": 0.0,
    "checkpoint_path": null,
    "importance_path": null
  }
}
