{
  "run_id": "run_214e8a6d",
  "timestamp": "2025-08-16T13:16:42.989257",
  "feature_importances": {
    "z_score": 0.0,
    "rsi": 0.0,
    "price_position": 0.0,
    "sma_ratio": 0.0,
    "returns_5d": 0.0,
    "volatility": 0.00011123883518575,
    "momentum": 0.0007452432647673113,
    "mean_reversion": 0.001254548056309437,
    "volume_profile": 0.006914110770020778,
    "trend_strength": 0.011949385111682816,
    "regime_confidence": 0.04330270947923809,
    "signal_strength": 0.0034716886232263825,
    "market_volatility": 0.00754760120045092,
    "position_size": 0.001215563768316213,
    "entry_price": 0.016293474635961973,
    "exit_price": 0.007082413334713189,
    "hold_duration": 0.002125971487068047,
    "strategy_confidence": 0.003674428442272813
  },
  "coefficients": {
    "z_score": 0.0,
    "rsi": 0.0,
    "price_position": 0.0,
    "sma_ratio": 0.0,
    "returns_5d": 0.0,
    "volatility": 0.00011123883518575,
    "momentum": 0.0007452432647673113,
    "mean_reversion": 0.001254548056309437,
    "volume_profile": 0.006914110770020778,
    "trend_strength": 0.011949385111682816,
    "regime_confidence": 0.04330270947923809,
    "signal_strength": 0.0034716886232263825,
    "market_volatility": 0.00754760120045092,
    "position_size": 0.001215563768316213,
    "entry_price": 0.016293474635961973,
    "exit_price": 0.007082413334713189,
    "hold_duration": 0.002125971487068047,
    "strategy_confidence": 0.003674428442272813
  },
  "shap_values": null,
  "ranks": {
    "regime_confidence": 1,
    "entry_price": 2,
    "trend_strength": 3,
    "market_volatility": 4,
    "exit_price": 5,
    "volume_profile": 6,
    "strategy_confidence": 7,
    "signal_strength": 8,
    "hold_duration": 9,
    "mean_reversion": 10,
    "position_size": 11,
    "momentum": 12,
    "volatility": 13,
    "z_score": 14,
    "rsi": 15,
    "price_position": 16,
    "sma_ratio": 17,
    "returns_5d": 18
  },
  "alpha_scores": {
    "z_score": 0.0,
    "rsi": 0.0,
    "price_position": 0.0,
    "sma_ratio": 0.0,
    "returns_5d": 0.0,
    "volatility": 0.0001390485439821875,
    "momentum": 0.0009315540809591392,
    "mean_reversion": 0.0015681850703867964,
    "volume_profile": 0.008642638462525973,
    "trend_strength": 0.01493673138960352,
    "regime_confidence": 0.05412838684904761,
    "signal_strength": 0.004339610779032978,
    "market_volatility": 0.00943450150056365,
    "position_size": 0.0015194547103952662,
    "entry_price": 0.020366843294952468,
    "exit_price": 0.008853016668391486,
    "hold_duration": 0.0026574643588350585,
    "strategy_confidence": 0.0045930355528410165
  },
  "metadata": {
    "run_id": "run_214e8a6d",
    "timestamp": "2025-08-16T13:16:42.989257",
    "ticker": "SPY",
    "start_date": "2021-05-19",
    "end_date": "2021-09-21",
    "model_type": "ridge",
    "seed": 42,
    "total_trades": 0,
    "avg_profit": 0.0,
    "win_rate": 0.5,
    "sharpe_ratio": 0.0,
    "checkpoint_path": null,
    "importance_path": null
  }
}
