{
  "run_id": "run_98d0e5b6",
  "timestamp": "2025-08-16T14:31:37.849966",
  "feature_importances": {
    "z_score": 0.0,
    "rsi": 0.0,
    "price_position": 0.0,
    "sma_ratio": 0.0,
    "returns_5d": 0.0,
    "volatility": 0.00023248523514104948,
    "momentum": 0.00036078938561460506,
    "mean_reversion": 0.0011631559454235566,
    "volume_profile": 0.003760777755461803,
    "trend_strength": 0.012976329348717237,
    "regime_confidence": 0.04092007287374323,
    "signal_strength": 0.0034325846855199106,
    "market_volatility": 0.0076827244178912305,
    "position_size": 0.000618923950724081,
    "entry_price": 0.014288125129794755,
    "exit_price": 0.007180769867167953,
    "hold_duration": 0.002312843775059467,
    "strategy_confidence": 0.0054054648404462105
  },
  "coefficients": {
    "z_score": 0.0,
    "rsi": 0.0,
    "price_position": 0.0,
    "sma_ratio": 0.0,
    "returns_5d": 0.0,
    "volatility": 0.00023248523514104948,
    "momentum": 0.00036078938561460506,
    "mean_reversion": 0.0011631559454235566,
    "volume_profile": 0.003760777755461803,
    "trend_strength": 0.012976329348717237,
    "regime_confidence": 0.04092007287374323,
    "signal_strength": 0.0034325846855199106,
    "market_volatility": 0.0076827244178912305,
    "position_size": 0.000618923950724081,
    "entry_price": 0.014288125129794755,
    "exit_price": 0.007180769867167953,
    "hold_duration": 0.002312843775059467,
    "strategy_confidence": 0.0054054648404462105
  },
  "shap_values": null,
  "ranks": {
    "regime_confidence": 1,
    "entry_price": 2,
    "trend_strength": 3,
    "market_volatility": 4,
    "exit_price": 5,
    "strategy_confidence": 6,
    "volume_profile": 7,
    "signal_strength": 8,
    "hold_duration": 9,
    "mean_reversion": 10,
    "position_size": 11,
    "momentum": 12,
    "volatility": 13,
    "z_score": 14,
    "rsi": 15,
    "price_position": 16,
    "sma_ratio": 17,
    "returns_5d": 18
  },
  "alpha_scores": {
    "z_score": 0.0,
    "rsi": 0.0,
    "price_position": 0.0,
    "sma_ratio": 0.0,
    "returns_5d": 0.0,
    "volatility": 0.00029060654392631187,
    "momentum": 0.00045098673201825635,
    "mean_reversion": 0.0014539449317794457,
    "volume_profile": 0.004700972194327253,
    "trend_strength": 0.016220411685896545,
    "regime_confidence": 0.05115009109217904,
    "signal_strength": 0.004290730856899888,
    "market_volatility": 0.009603405522364038,
    "position_size": 0.0007736549384051013,
    "entry_price": 0.017860156412243443,
    "exit_price": 0.008975962333959942,
    "hold_duration": 0.0028910547188243335,
    "strategy_confidence": 0.006756831050557763
  },
  "metadata": {
    "run_id": "run_98d0e5b6",
    "timestamp": "2025-08-16T14:31:37.849966",
    "ticker": "SPY",
    "start_date": "2021-09-22",
    "end_date": "2021-12-31",
    "model_type": "ridge",
    "seed": 42,
    "total_trades": 0,
    "avg_profit": 0.0,
    "win_rate": 0.5,
    "sharpe_ratio": 0.0,
    "checkpoint_path": null,
    "importance_path": null
  }
}
