{
  "run_id": "run_f49b99f8",
  "timestamp": "2025-08-16T13:28:34.100749",
  "feature_importances": {
    "z_score": 0.0,
    "rsi": 0.0,
    "price_position": 0.0,
    "sma_ratio": 0.0,
    "returns_5d": 0.0,
    "volatility": 6.418836827493335e-05,
    "momentum": 0.0005607181968937185,
    "mean_reversion": 0.000985553451174648,
    "volume_profile": 0.00674018280860197,
    "trend_strength": 0.012240501432944233,
    "regime_confidence": 0.043339932313544015,
    "signal_strength": 0.003487633702179848,
    "market_volatility": 0.006463780492747335,
    "position_size": 0.0015610157575748455,
    "entry_price": 0.015001184963413421,
    "exit_price": 0.00622560904788644,
    "hold_duration": 0.002075918586854966,
    "strategy_confidence": 0.0037080102133161728
  },
  "coefficients": {
    "z_score": 0.0,
    "rsi": 0.0,
    "price_position": 0.0,
    "sma_ratio": 0.0,
    "returns_5d": 0.0,
    "volatility": 6.418836827493335e-05,
    "momentum": 0.0005607181968937185,
    "mean_reversion": 0.000985553451174648,
    "volume_profile": 0.00674018280860197,
    "trend_strength": 0.012240501432944233,
    "regime_confidence": 0.043339932313544015,
    "signal_strength": 0.003487633702179848,
    "market_volatility": 0.006463780492747335,
    "position_size": 0.0015610157575748455,
    "entry_price": 0.015001184963413421,
    "exit_price": 0.00622560904788644,
    "hold_duration": 0.002075918586854966,
    "strategy_confidence": 0.0037080102133161728
  },
  "shap_values": null,
  "ranks": {
    "regime_confidence": 1,
    "entry_price": 2,
    "trend_strength": 3,
    "volume_profile": 4,
    "market_volatility": 5,
    "exit_price": 6,
    "strategy_confidence": 7,
    "signal_strength": 8,
    "hold_duration": 9,
    "position_size": 10,
    "mean_reversion": 11,
    "momentum": 12,
    "volatility": 13,
    "z_score": 14,
    "rsi": 15,
    "price_position": 16,
    "sma_ratio": 17,
    "returns_5d": 18
  },
  "alpha_scores": {
    "z_score": 0.0,
    "rsi": 0.0,
    "price_position": 0.0,
    "sma_ratio": 0.0,
    "returns_5d": 0.0,
    "volatility": 8.023546034366669e-05,
    "momentum": 0.0007008977461171481,
    "mean_reversion": 0.00123194181396831,
    "volume_profile": 0.008425228510752463,
    "trend_strength": 0.015300626791180293,
    "regime_confidence": 0.05417491539193002,
    "signal_strength": 0.00435954212772481,
    "market_volatility": 0.008079725615934168,
    "position_size": 0.001951269696968557,
    "entry_price": 0.018751481204266778,
    "exit_price": 0.007782011309858049,
    "hold_duration": 0.0025948982335687078,
    "strategy_confidence": 0.004635012766645216
  },
  "metadata": {
    "run_id": "run_f49b99f8",
    "timestamp": "2025-08-16T13:28:34.100749",
    "ticker": "SPY",
    "start_date": "2021-09-22",
    "end_date": "2021-12-31",
    "model_type": "ridge",
    "seed": 42,
    "total_trades": 0,
    "avg_profit": 0.0,
    "win_rate": 0.5,
    "sharpe_ratio": 0.0,
    "checkpoint_path": null,
    "importance_path": null
  }
}
