{
  "total_tickers": 3,
  "successful_runs": 3,
  "gate_passes": 1,
  "total_runtime_sec": 10.0,
  "avg_runtime_sec": 3.3333333333333335,
  "best_sharpe": 0.39752099003190816
}