{
  "ann_return": 0.0575050322242394,
  "ann_vol": 0.05533517012534224,
  "sharpe": 1.039213073601872,
  "max_drawdown": -0.08249212864628153,
  "avg_turnover": 0.01819929242247247,
  "total_return": 0.056152781503364446,
  "n_days": 246,
  "equity_curve": [
    0.9984564633913005,
    0.9969379371652614,
    0.9950417337104678,
    0.9940425227381999,
    0.9940247745136949,
    0.9956107764642567,
    0.9973931573740441,
    0.9987367713643601,
    0.9993954396665897,
    0.9989462638742859,
    0.9979731282822136,
    0.9959302576142263,
    0.9942739977597198,
    0.991447953318493,
    0.9903599305176566,
    0.9840777069537702,
    0.977986535533742,
    0.9722904146522083,
    0.969246059205805,
    0.9639470915948966,
    0.9634566123635778,
    0.9642351614148251,
    0.9650668711443575,
    0.9645015415111142,
    0.9646965594309149,
    0.9618380960367487,
    0.9618673765433243,
    0.9604033281619399,
    0.9600848702349191,
    0.9590678436023625,
    0.9615511625963831,
    0.9593852644764655,
    0.9596588953851208,
    0.9605261146931159,
    0.9630523035391373,
    0.9637141869046335,
    0.9695410995687552,
    0.9767815922417914,
    0.979596077131457,
    0.9832135987406505,
    0.9856618677406767,
    0.9858375121446246,
    0.9836120952379993,
    0.982654953821387,
    0.9812217283645235,
    0.9808724514532599,
    0.980073026000831,
    0.9814077892670755,
    0.9833940157439718,
    0.9858665629879343,
    0.9885621947301255,
    0.9904946173875302,
    0.9904652324514392,
    0.9897331674403546,
    0.9874344584870667,
    0.9832949217617221,
    0.9816037823908021,
    0.9825304725123435,
    0.9811601370650143,
    0.9796958260261639,
    0.9785026088327895,
    0.975667189350991,
    0.9706368899305751,
    0.9714086121870297,
    0.9737819654890773,
    0.9792876528329966,
    0.9858658251943853,
    0.9933942831200931,
    0.9984270815703913,
    1.0003887422339306,
    1.004913080672938,
    1.008988222918469,
    1.0144673965977866,
    1.0221500657347034,
    1.0315200786231966,
    1.0350070503483417,
    1.0390877357094808,
    1.040956291385317,
    1.040874676384807,
    1.0387482895926812,
    1.037080783276252,
    1.0365818398721556,
    1.037038776877253,
    1.037669552128668,
    1.0404459416816072,
    1.0433891416562626,
    1.045630814481999,
    1.0472539670102134,
    1.0482410822706787,
    1.0446657388151366,
    1.0414248959188763,
    1.0380601228751187,
    1.0343584673751307,
    1.033141063875255,
    1.0354145811359412,
    1.0402410364766308,
    1.0452757142327673,
    1.0501076159599672,
    1.051428034506232,
    1.0528756970645963,
    1.051124964066424,
    1.0480814117116102,
    1.045116530872434,
    1.0425879304759955,
    1.0369307905900287,
    1.032178954437807,
    1.0278463189662885,
    1.0245740390567555,
    1.0228861724759242,
    1.02617484135549,
    1.031248616089251,
    1.0376629773771,
    1.0430381503224149,
    1.0492504198392854,
    1.0498167215694323,
    1.0492812802118257,
    1.0471191233186494,
    1.0435932218004182,
    1.0393090774477123,
    1.0374505222645563,
    1.0361208235779458,
    1.0392613906928816,
    1.0428823393434776,
    1.0460005664224872,
    1.0504539674269358,
    1.0573493596758003,
    1.0609931032112119,
    1.0667838795441984,
    1.0706917594317513,
    1.0723872344542593,
    1.0732609661836054,
    1.0742917682986697,
    1.0720950872532797,
    1.07068989744662,
    1.0710586331710155,
    1.0645887475853608,
    1.0567564980470332,
    1.043953558249538,
    1.0303320578979902,
    1.0154966830094787,
    1.0029247919768658,
    0.9923040441917949,
    0.9889320586135434,
    0.9877943903015274,
    0.9868586382110617,
    0.9856711535445346,
    0.9867940796245079,
    0.987399268369962,
    0.9897839572931294,
    0.9915320880546474,
    0.9952943816341474,
    0.996424516374513,
    1.00142076947874,
    1.0049211957421766,
    1.010334145074096,
    1.0140768002176317,
    1.0169176085375642,
    1.0163817916359326,
    1.0170526838912337,
    1.0166069863642542,
    1.0177943696481495,
    1.018906187055885,
    1.019394680088355,
    1.016356664149646,
    1.014426619031086,
    1.013086638529706,
    1.013214675140957,
    1.015354682153367,
    1.0195905959944833,
    1.0243347596796981,
    1.030484420470307,
    1.0356687250748489,
    1.0389709743419602,
    1.0417501897780481,
    1.041457005299255,
    1.0406992339437435,
    1.0415370385843816,
    1.0423886190200546,
    1.042604888216272,
    1.0448518834851686,
    1.0463036359526532,
    1.047905588857003,
    1.0497850517380025,
    1.051880314480074,
    1.0550913044108727,
    1.058198815463718,
    1.060827993452717,
    1.0619083082737493,
    1.065874632472313,
    1.0685085108908876,
    1.0697859171997695,
    1.0684609821852504,
    1.0674947825802032,
    1.0640223871888175,
    1.061112211550276,
    1.059281279026199,
    1.0592313075243316,
    1.0626058180442055,
    1.0651663133326346,
    1.071072521779738,
    1.0761871133673786,
    1.081260916767415,
    1.081791172304767,
    1.0817699418202489,
    1.0795295039160695,
    1.0792760161221722,
    1.0751998390210675,
    1.0721044877797168,
    1.0685612543333323,
    1.0634543814902357,
    1.0570168447738082,
    1.0539394972877025,
    1.0524712488456547,
    1.0520107000553485,
    1.0512705260543704,
    1.0506563302339682,
    1.0531280525264448,
    1.0573851948287238,
    1.060314776590704,
    1.0640792233450567,
    1.069120252572017,
    1.073038040128492,
    1.073641425005044,
    1.074337849982862,
    1.0726625823888385,
    1.0711022651657092,
    1.071182556376351,
    1.0691461815141807,
    1.0676713551724302,
    1.0658716345993278,
    1.0638639346388004,
    1.0597549708369904,
    1.056682398965772,
    1.0558110278166755,
    1.0561266637007167,
    1.0576092478217534,
    1.0586904237310557,
    1.0587617338756157,
    1.0583131828733012,
    1.0582714964183702,
    1.0580223264380777,
    1.0578140962968778,
    1.0576059147245584,
    1.0573977801914818,
    1.057189691472567,
    1.0561527815033644
  ],
  "turnover_controls_enabled": true,
  "n_buckets": 5,
  "trade_threshold": 0.1,
  "weight_smoothing_enabled": true,
  "smoothing_alpha": 0.2,
  "realistic_costs_enabled": true,
  "volume_dependent_costs": true,
  "half_spread_bps": 2.0,
  "fee_bps": 1.0,
  "simple_cost_bps": 0.0,
  "rebalance_frequency": "weekly",
  "adv_enforcement_enabled": true,
  "max_participation_pct": 0.02,
  "total_adv_breaches": 1534,
  "s_curve_sizing_enabled": true,
  "s_curve_power": 2.0,
  "cost_penalty_weight": 0.1,
  "portfolio_beta": -0.003227608329035832,
  "portfolio_alpha_ann": 0.0017527113597366705,
  "portfolio_alpha_tstat": 0.586989677446687,
  "portfolio_IR_mkt": 0.586989677446687,
  "portfolio_n_capm_obs": 245,
  "portfolio_capm_status": "sufficient_data",
  "portfolio_nw_lags": 4,
  "portfolio_annualizer": 7.0992957397195395,
  "sharpe_ratio": 1.039213073601872
}