{
  "run_id": "run_a589e046",
  "timestamp": "2025-08-16T12:34:29.038497",
  "feature_importances": {
    "z_score": 0.0,
    "rsi": 0.0,
    "price_position": 0.0,
    "sma_ratio": 0.0,
    "returns_5d": 0.0,
    "volatility": 0.0002662153761083961,
    "momentum": 0.0007116807918137936,
    "mean_reversion": 0.0018932843308976824,
    "volume_profile": 0.01142445113733388,
    "trend_strength": 0.012016712113164012,
    "regime_confidence": 0.04728789897816547,
    "signal_strength": 0.002878247394101863,
    "market_volatility": 0.006455294569316794,
    "position_size": 0.000970596859292731,
    "entry_price": 0.016175887505560985,
    "exit_price": 0.004618779704583164,
    "hold_duration": 0.0013421522528832732,
    "strategy_confidence": 0.003835221059338701
  },
  "coefficients": {
    "z_score": 0.0,
    "rsi": 0.0,
    "price_position": 0.0,
    "sma_ratio": 0.0,
    "returns_5d": 0.0,
    "volatility": 0.0002662153761083961,
    "momentum": 0.0007116807918137936,
    "mean_reversion": 0.0018932843308976824,
    "volume_profile": 0.01142445113733388,
    "trend_strength": 0.012016712113164012,
    "regime_confidence": 0.04728789897816547,
    "signal_strength": 0.002878247394101863,
    "market_volatility": 0.006455294569316794,
    "position_size": 0.000970596859292731,
    "entry_price": 0.016175887505560985,
    "exit_price": 0.004618779704583164,
    "hold_duration": 0.0013421522528832732,
    "strategy_confidence": 0.003835221059338701
  },
  "shap_values": null,
  "ranks": {
    "regime_confidence": 1,
    "entry_price": 2,
    "trend_strength": 3,
    "volume_profile": 4,
    "market_volatility": 5,
    "exit_price": 6,
    "strategy_confidence": 7,
    "signal_strength": 8,
    "mean_reversion": 9,
    "hold_duration": 10,
    "position_size": 11,
    "momentum": 12,
    "volatility": 13,
    "z_score": 14,
    "rsi": 15,
    "price_position": 16,
    "sma_ratio": 17,
    "returns_5d": 18
  },
  "alpha_scores": {
    "z_score": 0.0,
    "rsi": 0.0,
    "price_position": 0.0,
    "sma_ratio": 0.0,
    "returns_5d": 0.0,
    "volatility": 0.00033276922013549513,
    "momentum": 0.000889600989767242,
    "mean_reversion": 0.002366605413622103,
    "volume_profile": 0.014280563921667351,
    "trend_strength": 0.015020890141455015,
    "regime_confidence": 0.05910987372270683,
    "signal_strength": 0.003597809242627329,
    "market_volatility": 0.008069118211645993,
    "position_size": 0.0012132460741159138,
    "entry_price": 0.02021985938195123,
    "exit_price": 0.005773474630728956,
    "hold_duration": 0.0016776903161040916,
    "strategy_confidence": 0.004794026324173376
  },
  "metadata": {
    "run_id": "run_a589e046",
    "timestamp": "2025-08-16T12:34:29.038497",
    "ticker": "SPY",
    "start_date": "2021-09-22",
    "end_date": "2021-12-31",
    "model_type": "ridge",
    "seed": 42,
    "total_trades": 0,
    "avg_profit": 0.0,
    "win_rate": 0.5,
    "sharpe_ratio": 0.0,
    "checkpoint_path": null,
    "importance_path": null
  }
}
