{
  "run_id": "run_9aec808a",
  "timestamp": "2025-08-16T06:34:03.388673",
  "feature_importances": {
    "z_score": 0.0,
    "rsi": 0.0,
    "price_position": 0.0,
    "sma_ratio": 0.0,
    "returns_5d": 0.0,
    "volatility": 0.0005225411320062035,
    "momentum": 0.0024583862997587112,
    "mean_reversion": 0.004447094296509872,
    "volume_profile": 0.09192839480290992,
    "trend_strength": 0.0039649040669080485,
    "regime_confidence": 0.12015717151322639,
    "signal_strength": 0.0013854472699999939,
    "market_volatility": 0.03550497132115781,
    "position_size": 0.015483529065499012,
    "entry_price": 0.028023024568350808,
    "exit_price": 0.03849223908336569,
    "hold_duration": 0.005200198488304326,
    "strategy_confidence": 0.003633161724128674
  },
  "coefficients": {
    "z_score": 0.0,
    "rsi": 0.0,
    "price_position": 0.0,
    "sma_ratio": 0.0,
    "returns_5d": 0.0,
    "volatility": 0.0005225411320062035,
    "momentum": 0.0024583862997587112,
    "mean_reversion": 0.004447094296509872,
    "volume_profile": 0.09192839480290992,
    "trend_strength": 0.0039649040669080485,
    "regime_confidence": 0.12015717151322639,
    "signal_strength": 0.0013854472699999939,
    "market_volatility": 0.03550497132115781,
    "position_size": 0.015483529065499012,
    "entry_price": 0.028023024568350808,
    "exit_price": 0.03849223908336569,
    "hold_duration": 0.005200198488304326,
    "strategy_confidence": 0.003633161724128674
  },
  "shap_values": null,
  "ranks": {
    "regime_confidence": 1,
    "volume_profile": 2,
    "exit_price": 3,
    "market_volatility": 4,
    "entry_price": 5,
    "position_size": 6,
    "hold_duration": 7,
    "mean_reversion": 8,
    "trend_strength": 9,
    "strategy_confidence": 10,
    "momentum": 11,
    "signal_strength": 12,
    "volatility": 13,
    "z_score": 14,
    "rsi": 15,
    "price_position": 16,
    "sma_ratio": 17,
    "returns_5d": 18
  },
  "alpha_scores": {
    "z_score": 0.0,
    "rsi": 0.0,
    "price_position": 0.0,
    "sma_ratio": 0.0,
    "returns_5d": 0.0,
    "volatility": 0.0006531764150077543,
    "momentum": 0.003072982874698389,
    "mean_reversion": 0.0055588678706373395,
    "volume_profile": 0.1149104935036374,
    "trend_strength": 0.00495613008363506,
    "regime_confidence": 0.15019646439153297,
    "signal_strength": 0.0017318090874999924,
    "market_volatility": 0.04438121415144727,
    "position_size": 0.019354411331873766,
    "entry_price": 0.03502878071043851,
    "exit_price": 0.04811529885420711,
    "hold_duration": 0.006500248110380408,
    "strategy_confidence": 0.004541452155160842
  },
  "metadata": {
    "run_id": "run_9aec808a",
    "timestamp": "2025-08-16T06:34:03.388673",
    "ticker": "SPY",
    "start_date": "2019-01-01",
    "end_date": "2019-11-11",
    "model_type": "ridge",
    "seed": 42,
    "total_trades": 0,
    "avg_profit": 0.0,
    "win_rate": 0.5,
    "sharpe_ratio": 0.0,
    "checkpoint_path": null,
    "importance_path": null
  }
}
