{
  "run_id": "run_7a63c471",
  "timestamp": "2025-08-16T17:05:20.552416",
  "feature_importances": {
    "z_score": 0.0,
    "rsi": 0.0,
    "price_position": 0.0,
    "sma_ratio": 0.0,
    "returns_5d": 0.0,
    "volatility": 0.00034949198713514067,
    "momentum": 4.1053947261748467e-05,
    "mean_reversion": 0.0005803129946305413,
    "volume_profile": 0.0003869454678085377,
    "trend_strength": 0.012702615296335781,
    "regime_confidence": 0.03881615480743152,
    "signal_strength": 0.0037137529790047673,
    "market_volatility": 0.00969911025995854,
    "position_size": 0.002468095977070781,
    "entry_price": 0.01581611404307516,
    "exit_price": 0.009379852248765865,
    "hold_duration": 0.0028300671747762234,
    "strategy_confidence": 0.0045606567486897375
  },
  "coefficients": {
    "z_score": 0.0,
    "rsi": 0.0,
    "price_position": 0.0,
    "sma_ratio": 0.0,
    "returns_5d": 0.0,
    "volatility": 0.00034949198713514067,
    "momentum": 4.1053947261748467e-05,
    "mean_reversion": 0.0005803129946305413,
    "volume_profile": 0.0003869454678085377,
    "trend_strength": 0.012702615296335781,
    "regime_confidence": 0.03881615480743152,
    "signal_strength": 0.0037137529790047673,
    "market_volatility": 0.00969911025995854,
    "position_size": 0.002468095977070781,
    "entry_price": 0.01581611404307516,
    "exit_price": 0.009379852248765865,
    "hold_duration": 0.0028300671747762234,
    "strategy_confidence": 0.0045606567486897375
  },
  "shap_values": null,
  "ranks": {
    "regime_confidence": 1,
    "entry_price": 2,
    "trend_strength": 3,
    "market_volatility": 4,
    "exit_price": 5,
    "strategy_confidence": 6,
    "signal_strength": 7,
    "hold_duration": 8,
    "position_size": 9,
    "mean_reversion": 10,
    "volume_profile": 11,
    "volatility": 12,
    "momentum": 13,
    "z_score": 14,
    "rsi": 15,
    "price_position": 16,
    "sma_ratio": 17,
    "returns_5d": 18
  },
  "alpha_scores": {
    "z_score": 0.0,
    "rsi": 0.0,
    "price_position": 0.0,
    "sma_ratio": 0.0,
    "returns_5d": 0.0,
    "volatility": 0.00043686498391892585,
    "momentum": 5.131743407718558e-05,
    "mean_reversion": 0.0007253912432881766,
    "volume_profile": 0.0004836818347606721,
    "trend_strength": 0.015878269120419727,
    "regime_confidence": 0.048520193509289405,
    "signal_strength": 0.0046421912237559594,
    "market_volatility": 0.012123887824948174,
    "position_size": 0.0030851199713384765,
    "entry_price": 0.01977014255384395,
    "exit_price": 0.01172481531095733,
    "hold_duration": 0.003537583968470279,
    "strategy_confidence": 0.005700820935862172
  },
  "metadata": {
    "run_id": "run_7a63c471",
    "timestamp": "2025-08-16T17:05:20.552416",
    "ticker": "SPY",
    "start_date": "2021-01-13",
    "end_date": "2021-05-18",
    "model_type": "ridge",
    "seed": 42,
    "total_trades": 0,
    "avg_profit": 0.0,
    "win_rate": 0.5,
    "sharpe_ratio": 0.0,
    "checkpoint_path": null,
    "importance_path": null
  }
}
