{
  "run_id": "run_bf13d933",
  "timestamp": "2025-08-16T14:19:21.565099",
  "feature_importances": {
    "z_score": 0.0,
    "rsi": 0.0,
    "price_position": 0.0,
    "sma_ratio": 0.0,
    "returns_5d": 0.0,
    "volatility": 0.00013555461320127827,
    "momentum": 0.0005856615192981148,
    "mean_reversion": 0.0014214955012315014,
    "volume_profile": 0.0037729262726265067,
    "trend_strength": 0.01272688853593473,
    "regime_confidence": 0.040951324443003284,
    "signal_strength": 0.0037117187378840123,
    "market_volatility": 0.008883205755845879,
    "position_size": 0.000586898297877338,
    "entry_price": 0.014995492241697918,
    "exit_price": 0.008395751412466327,
    "hold_duration": 0.002444871314066497,
    "strategy_confidence": 0.005326253572270483
  },
  "coefficients": {
    "z_score": 0.0,
    "rsi": 0.0,
    "price_position": 0.0,
    "sma_ratio": 0.0,
    "returns_5d": 0.0,
    "volatility": 0.00013555461320127827,
    "momentum": 0.0005856615192981148,
    "mean_reversion": 0.0014214955012315014,
    "volume_profile": 0.0037729262726265067,
    "trend_strength": 0.01272688853593473,
    "regime_confidence": 0.040951324443003284,
    "signal_strength": 0.0037117187378840123,
    "market_volatility": 0.008883205755845879,
    "position_size": 0.000586898297877338,
    "entry_price": 0.014995492241697918,
    "exit_price": 0.008395751412466327,
    "hold_duration": 0.002444871314066497,
    "strategy_confidence": 0.005326253572270483
  },
  "shap_values": null,
  "ranks": {
    "regime_confidence": 1,
    "entry_price": 2,
    "trend_strength": 3,
    "market_volatility": 4,
    "exit_price": 5,
    "strategy_confidence": 6,
    "volume_profile": 7,
    "signal_strength": 8,
    "hold_duration": 9,
    "mean_reversion": 10,
    "position_size": 11,
    "momentum": 12,
    "volatility": 13,
    "z_score": 14,
    "rsi": 15,
    "price_position": 16,
    "sma_ratio": 17,
    "returns_5d": 18
  },
  "alpha_scores": {
    "z_score": 0.0,
    "rsi": 0.0,
    "price_position": 0.0,
    "sma_ratio": 0.0,
    "returns_5d": 0.0,
    "volatility": 0.00016944326650159783,
    "momentum": 0.0007320768991226435,
    "mean_reversion": 0.0017768693765393769,
    "volume_profile": 0.0047161578407831336,
    "trend_strength": 0.015908610669918413,
    "regime_confidence": 0.051189155553754105,
    "signal_strength": 0.004639648422355015,
    "market_volatility": 0.011104007194807348,
    "position_size": 0.0007336228723466725,
    "entry_price": 0.018744365302122395,
    "exit_price": 0.010494689265582908,
    "hold_duration": 0.003056089142583121,
    "strategy_confidence": 0.006657816965338104
  },
  "metadata": {
    "run_id": "run_bf13d933",
    "timestamp": "2025-08-16T14:19:21.565099",
    "ticker": "SPY",
    "start_date": "2021-05-19",
    "end_date": "2021-09-21",
    "model_type": "ridge",
    "seed": 42,
    "total_trades": 0,
    "avg_profit": 0.0,
    "win_rate": 0.5,
    "sharpe_ratio": 0.0,
    "checkpoint_path": null,
    "importance_path": null
  }
}
