{
  "run_id": "run_8dfa71c3",
  "timestamp": "2025-08-16T09:48:07.751146",
  "feature_importances": {
    "z_score": 0.0,
    "rsi": 0.0,
    "price_position": 0.0,
    "sma_ratio": 0.0,
    "returns_5d": 0.0,
    "volatility": 0.0021114910682843067,
    "momentum": 0.0006678746396974794,
    "mean_reversion": 0.002683450479117751,
    "volume_profile": 0.027488864799497137,
    "trend_strength": 0.012514083898224896,
    "regime_confidence": 0.06062349046424435,
    "signal_strength": 0.0011461333502921368,
    "market_volatility": 0.0014357046242556026,
    "position_size": 0.0010909374185598033,
    "entry_price": 0.01829000853535837,
    "exit_price": 0.005188386506153483,
    "hold_duration": 9.906938318258393e-05,
    "strategy_confidence": 0.004127157669415991
  },
  "coefficients": {
    "z_score": 0.0,
    "rsi": 0.0,
    "price_position": 0.0,
    "sma_ratio": 0.0,
    "returns_5d": 0.0,
    "volatility": 0.0021114910682843067,
    "momentum": 0.0006678746396974794,
    "mean_reversion": 0.002683450479117751,
    "volume_profile": 0.027488864799497137,
    "trend_strength": 0.012514083898224896,
    "regime_confidence": 0.06062349046424435,
    "signal_strength": 0.0011461333502921368,
    "market_volatility": 0.0014357046242556026,
    "position_size": 0.0010909374185598033,
    "entry_price": 0.01829000853535837,
    "exit_price": 0.005188386506153483,
    "hold_duration": 9.906938318258393e-05,
    "strategy_confidence": 0.004127157669415991
  },
  "shap_values": null,
  "ranks": {
    "regime_confidence": 1,
    "volume_profile": 2,
    "entry_price": 3,
    "trend_strength": 4,
    "exit_price": 5,
    "strategy_confidence": 6,
    "mean_reversion": 7,
    "volatility": 8,
    "market_volatility": 9,
    "signal_strength": 10,
    "position_size": 11,
    "momentum": 12,
    "hold_duration": 13,
    "z_score": 14,
    "rsi": 15,
    "price_position": 16,
    "sma_ratio": 17,
    "returns_5d": 18
  },
  "alpha_scores": {
    "z_score": 0.0,
    "rsi": 0.0,
    "price_position": 0.0,
    "sma_ratio": 0.0,
    "returns_5d": 0.0,
    "volatility": 0.0026393638353553834,
    "momentum": 0.0008348432996218493,
    "mean_reversion": 0.003354313098897189,
    "volume_profile": 0.03436108099937142,
    "trend_strength": 0.01564260487278112,
    "regime_confidence": 0.07577936308030545,
    "signal_strength": 0.001432666687865171,
    "market_volatility": 0.0017946307803195032,
    "position_size": 0.0013636717731997541,
    "entry_price": 0.02286251066919796,
    "exit_price": 0.006485483132691854,
    "hold_duration": 0.0001238367289782299,
    "strategy_confidence": 0.005158947086769988
  },
  "metadata": {
    "run_id": "run_8dfa71c3",
    "timestamp": "2025-08-16T09:48:07.751146",
    "ticker": "SPY",
    "start_date": "2020-09-09",
    "end_date": "2021-09-21",
    "model_type": "ridge",
    "seed": 42,
    "total_trades": 0,
    "avg_profit": 0.0,
    "win_rate": 0.5,
    "sharpe_ratio": 0.0,
    "checkpoint_path": null,
    "importance_path": null
  }
}
