{
  "run_id": "run_4ca96f8c",
  "timestamp": "2025-08-16T09:44:38.978652",
  "feature_importances": {
    "z_score": 0.0,
    "rsi": 0.0,
    "price_position": 0.0,
    "sma_ratio": 0.0,
    "returns_5d": 0.0,
    "volatility": 0.0021278438810587805,
    "momentum": 0.0006884463278178911,
    "mean_reversion": 0.0026672303238982438,
    "volume_profile": 0.02765239601582122,
    "trend_strength": 0.012647325108713428,
    "regime_confidence": 0.06091858978006028,
    "signal_strength": 0.001152297989596656,
    "market_volatility": 0.0009086063154994492,
    "position_size": 0.0011209354091070887,
    "entry_price": 0.018324651739716966,
    "exit_price": 0.005833305833553491,
    "hold_duration": 6.548161400321461e-05,
    "strategy_confidence": 0.004192097317795869
  },
  "coefficients": {
    "z_score": 0.0,
    "rsi": 0.0,
    "price_position": 0.0,
    "sma_ratio": 0.0,
    "returns_5d": 0.0,
    "volatility": 0.0021278438810587805,
    "momentum": 0.0006884463278178911,
    "mean_reversion": 0.0026672303238982438,
    "volume_profile": 0.02765239601582122,
    "trend_strength": 0.012647325108713428,
    "regime_confidence": 0.06091858978006028,
    "signal_strength": 0.001152297989596656,
    "market_volatility": 0.0009086063154994492,
    "position_size": 0.0011209354091070887,
    "entry_price": 0.018324651739716966,
    "exit_price": 0.005833305833553491,
    "hold_duration": 6.548161400321461e-05,
    "strategy_confidence": 0.004192097317795869
  },
  "shap_values": null,
  "ranks": {
    "regime_confidence": 1,
    "volume_profile": 2,
    "entry_price": 3,
    "trend_strength": 4,
    "exit_price": 5,
    "strategy_confidence": 6,
    "mean_reversion": 7,
    "volatility": 8,
    "signal_strength": 9,
    "position_size": 10,
    "market_volatility": 11,
    "momentum": 12,
    "hold_duration": 13,
    "z_score": 14,
    "rsi": 15,
    "price_position": 16,
    "sma_ratio": 17,
    "returns_5d": 18
  },
  "alpha_scores": {
    "z_score": 0.0,
    "rsi": 0.0,
    "price_position": 0.0,
    "sma_ratio": 0.0,
    "returns_5d": 0.0,
    "volatility": 0.0026598048513234757,
    "momentum": 0.0008605579097723639,
    "mean_reversion": 0.003334037904872805,
    "volume_profile": 0.03456549501977652,
    "trend_strength": 0.015809156385891785,
    "regime_confidence": 0.07614823722507535,
    "signal_strength": 0.00144037248699582,
    "market_volatility": 0.0011357578943743114,
    "position_size": 0.0014011692613838608,
    "entry_price": 0.022905814674646207,
    "exit_price": 0.007291632291941864,
    "hold_duration": 8.185201750401827e-05,
    "strategy_confidence": 0.005240121647244836
  },
  "metadata": {
    "run_id": "run_4ca96f8c",
    "timestamp": "2025-08-16T09:44:38.978652",
    "ticker": "SPY",
    "start_date": "2020-01-01",
    "end_date": "2021-01-12",
    "model_type": "ridge",
    "seed": 42,
    "total_trades": 0,
    "avg_profit": 0.0,
    "win_rate": 0.5,
    "sharpe_ratio": 0.0,
    "checkpoint_path": null,
    "importance_path": null
  }
}
