{
  "run_id": "run_d5ad64a1",
  "timestamp": "2025-08-16T12:50:09.311436",
  "feature_importances": {
    "z_score": 0.0,
    "rsi": 0.0,
    "price_position": 0.0,
    "sma_ratio": 0.0,
    "returns_5d": 0.0,
    "volatility": 0.00023285594988649942,
    "momentum": 0.0008683544548978305,
    "mean_reversion": 0.0021359645383036974,
    "volume_profile": 0.00785557427699653,
    "trend_strength": 0.011882482207859325,
    "regime_confidence": 0.045169131562653196,
    "signal_strength": 0.003114422560262645,
    "market_volatility": 0.007965001534279783,
    "position_size": 0.00134575910021111,
    "entry_price": 0.01706296281468508,
    "exit_price": 0.00696857961013209,
    "hold_duration": 0.0023027231187475153,
    "strategy_confidence": 0.002916529024663824
  },
  "coefficients": {
    "z_score": 0.0,
    "rsi": 0.0,
    "price_position": 0.0,
    "sma_ratio": 0.0,
    "returns_5d": 0.0,
    "volatility": 0.00023285594988649942,
    "momentum": 0.0008683544548978305,
    "mean_reversion": 0.0021359645383036974,
    "volume_profile": 0.00785557427699653,
    "trend_strength": 0.011882482207859325,
    "regime_confidence": 0.045169131562653196,
    "signal_strength": 0.003114422560262645,
    "market_volatility": 0.007965001534279783,
    "position_size": 0.00134575910021111,
    "entry_price": 0.01706296281468508,
    "exit_price": 0.00696857961013209,
    "hold_duration": 0.0023027231187475153,
    "strategy_confidence": 0.002916529024663824
  },
  "shap_values": null,
  "ranks": {
    "regime_confidence": 1,
    "entry_price": 2,
    "trend_strength": 3,
    "market_volatility": 4,
    "volume_profile": 5,
    "exit_price": 6,
    "signal_strength": 7,
    "strategy_confidence": 8,
    "hold_duration": 9,
    "mean_reversion": 10,
    "position_size": 11,
    "momentum": 12,
    "volatility": 13,
    "z_score": 14,
    "rsi": 15,
    "price_position": 16,
    "sma_ratio": 17,
    "returns_5d": 18
  },
  "alpha_scores": {
    "z_score": 0.0,
    "rsi": 0.0,
    "price_position": 0.0,
    "sma_ratio": 0.0,
    "returns_5d": 0.0,
    "volatility": 0.00029106993735812425,
    "momentum": 0.0010854430686222881,
    "mean_reversion": 0.0026699556728796217,
    "volume_profile": 0.009819467846245662,
    "trend_strength": 0.014853102759824157,
    "regime_confidence": 0.0564614144533165,
    "signal_strength": 0.003893028200328306,
    "market_volatility": 0.00995625191784973,
    "position_size": 0.0016821988752638876,
    "entry_price": 0.021328703518356352,
    "exit_price": 0.008710724512665111,
    "hold_duration": 0.002878403898434394,
    "strategy_confidence": 0.00364566128082978
  },
  "metadata": {
    "run_id": "run_d5ad64a1",
    "timestamp": "2025-08-16T12:50:09.311436",
    "ticker": "SPY",
    "start_date": "2020-09-09",
    "end_date": "2021-01-12",
    "model_type": "ridge",
    "seed": 42,
    "total_trades": 0,
    "avg_profit": 0.0,
    "win_rate": 0.5,
    "sharpe_ratio": 0.0,
    "checkpoint_path": null,
    "importance_path": null
  }
}
