{
  "run_id": "run_9bab2a89",
  "timestamp": "2025-08-16T06:44:13.767810",
  "feature_importances": {
    "z_score": 0.0,
    "rsi": 0.0,
    "price_position": 0.0,
    "sma_ratio": 0.0,
    "returns_5d": 0.0,
    "volatility": 0.0018966672267702646,
    "momentum": 0.0019104716444025892,
    "mean_reversion": 0.009177739375305145,
    "volume_profile": 0.06987525430387194,
    "trend_strength": 0.004508124124951835,
    "regime_confidence": 0.11401712258138315,
    "signal_strength": 0.0013826582692615982,
    "market_volatility": 0.027185215413911085,
    "position_size": 0.01083712023028831,
    "entry_price": 0.02908644729302754,
    "exit_price": 0.03388366932541961,
    "hold_duration": 0.004670780988809051,
    "strategy_confidence": 0.003611712997765915
  },
  "coefficients": {
    "z_score": 0.0,
    "rsi": 0.0,
    "price_position": 0.0,
    "sma_ratio": 0.0,
    "returns_5d": 0.0,
    "volatility": 0.0018966672267702646,
    "momentum": 0.0019104716444025892,
    "mean_reversion": 0.009177739375305145,
    "volume_profile": 0.06987525430387194,
    "trend_strength": 0.004508124124951835,
    "regime_confidence": 0.11401712258138315,
    "signal_strength": 0.0013826582692615982,
    "market_volatility": 0.027185215413911085,
    "position_size": 0.01083712023028831,
    "entry_price": 0.02908644729302754,
    "exit_price": 0.03388366932541961,
    "hold_duration": 0.004670780988809051,
    "strategy_confidence": 0.003611712997765915
  },
  "shap_values": null,
  "ranks": {
    "regime_confidence": 1,
    "volume_profile": 2,
    "exit_price": 3,
    "entry_price": 4,
    "market_volatility": 5,
    "position_size": 6,
    "mean_reversion": 7,
    "hold_duration": 8,
    "trend_strength": 9,
    "strategy_confidence": 10,
    "momentum": 11,
    "volatility": 12,
    "signal_strength": 13,
    "z_score": 14,
    "rsi": 15,
    "price_position": 16,
    "sma_ratio": 17,
    "returns_5d": 18
  },
  "alpha_scores": {
    "z_score": 0.0,
    "rsi": 0.0,
    "price_position": 0.0,
    "sma_ratio": 0.0,
    "returns_5d": 0.0,
    "volatility": 0.0023708340334628306,
    "momentum": 0.0023880895555032366,
    "mean_reversion": 0.011472174219131432,
    "volume_profile": 0.08734406787983992,
    "trend_strength": 0.005635155156189794,
    "regime_confidence": 0.14252140322672893,
    "signal_strength": 0.0017283228365769978,
    "market_volatility": 0.033981519267388856,
    "position_size": 0.013546400287860387,
    "entry_price": 0.036358059116284425,
    "exit_price": 0.042354586656774516,
    "hold_duration": 0.005838476236011314,
    "strategy_confidence": 0.004514641247207394
  },
  "metadata": {
    "run_id": "run_9bab2a89",
    "timestamp": "2025-08-16T06:44:13.767810",
    "ticker": "SPY",
    "start_date": "2022-09-10",
    "end_date": "2023-07-21",
    "model_type": "ridge",
    "seed": 42,
    "total_trades": 0,
    "avg_profit": 0.0,
    "win_rate": 0.5,
    "sharpe_ratio": 0.0,
    "checkpoint_path": null,
    "importance_path": null
  }
}
