{
  "run_id": "run_7e20897d",
  "timestamp": "2025-08-16T15:25:11.794542",
  "feature_importances": {
    "z_score": 0.0,
    "rsi": 0.0,
    "price_position": 0.0,
    "sma_ratio": 0.0,
    "returns_5d": 0.0,
    "volatility": 0.0003572812654339156,
    "momentum": 5.0070896647996106e-05,
    "mean_reversion": 0.0007805805735084687,
    "volume_profile": 0.0014436382381156285,
    "trend_strength": 0.0128750658400285,
    "regime_confidence": 0.03907496316810852,
    "signal_strength": 0.0035903436530172854,
    "market_volatility": 0.006746185533043481,
    "position_size": 0.0014926827787933752,
    "entry_price": 0.014937272868033475,
    "exit_price": 0.006594804400859984,
    "hold_duration": 0.002508777267395694,
    "strategy_confidence": 0.004723959004510676
  },
  "coefficients": {
    "z_score": 0.0,
    "rsi": 0.0,
    "price_position": 0.0,
    "sma_ratio": 0.0,
    "returns_5d": 0.0,
    "volatility": 0.0003572812654339156,
    "momentum": 5.0070896647996106e-05,
    "mean_reversion": 0.0007805805735084687,
    "volume_profile": 0.0014436382381156285,
    "trend_strength": 0.0128750658400285,
    "regime_confidence": 0.03907496316810852,
    "signal_strength": 0.0035903436530172854,
    "market_volatility": 0.006746185533043481,
    "position_size": 0.0014926827787933752,
    "entry_price": 0.014937272868033475,
    "exit_price": 0.006594804400859984,
    "hold_duration": 0.002508777267395694,
    "strategy_confidence": 0.004723959004510676
  },
  "shap_values": null,
  "ranks": {
    "regime_confidence": 1,
    "entry_price": 2,
    "trend_strength": 3,
    "market_volatility": 4,
    "exit_price": 5,
    "strategy_confidence": 6,
    "signal_strength": 7,
    "hold_duration": 8,
    "position_size": 9,
    "volume_profile": 10,
    "mean_reversion": 11,
    "volatility": 12,
    "momentum": 13,
    "z_score": 14,
    "rsi": 15,
    "price_position": 16,
    "sma_ratio": 17,
    "returns_5d": 18
  },
  "alpha_scores": {
    "z_score": 0.0,
    "rsi": 0.0,
    "price_position": 0.0,
    "sma_ratio": 0.0,
    "returns_5d": 0.0,
    "volatility": 0.0004466015817923945,
    "momentum": 6.258862080999513e-05,
    "mean_reversion": 0.0009757257168855858,
    "volume_profile": 0.0018045477976445356,
    "trend_strength": 0.016093832300035624,
    "regime_confidence": 0.04884370396013565,
    "signal_strength": 0.004487929566271607,
    "market_volatility": 0.00843273191630435,
    "position_size": 0.0018658534734917191,
    "entry_price": 0.018671591085041843,
    "exit_price": 0.00824350550107498,
    "hold_duration": 0.0031359715842446175,
    "strategy_confidence": 0.0059049487556383454
  },
  "metadata": {
    "run_id": "run_7e20897d",
    "timestamp": "2025-08-16T15:25:11.794542",
    "ticker": "SPY",
    "start_date": "2021-09-22",
    "end_date": "2021-12-31",
    "model_type": "ridge",
    "seed": 42,
    "total_trades": 0,
    "avg_profit": 0.0,
    "win_rate": 0.5,
    "sharpe_ratio": 0.0,
    "checkpoint_path": null,
    "importance_path": null
  }
}
