{
  "run_id": "run_b0324b8d",
  "timestamp": "2025-08-16T05:21:42.082831",
  "feature_importances": {
    "z_score": 0.0,
    "rsi": 0.0,
    "price_position": 0.0,
    "sma_ratio": 0.0,
    "returns_5d": 0.0,
    "volatility": 0.0017382433963195332,
    "momentum": 0.0017382433963194163,
    "mean_reversion": 0.0,
    "volume_profile": 0.003861717238966869,
    "trend_strength": 0.009389700754674142,
    "regime_confidence": 0.009221876034788865,
    "signal_strength": 0.0029147131599500625,
    "market_volatility": 0.0055689267222835395,
    "position_size": 0.0009722567247407595,
    "entry_price": 0.004027137810755006,
    "exit_price": 0.004222555660500669,
    "hold_duration": 0.0011449787585472047,
    "strategy_confidence": 0.0007233517268915775
  },
  "coefficients": {
    "z_score": 0.0,
    "rsi": 0.0,
    "price_position": 0.0,
    "sma_ratio": 0.0,
    "returns_5d": 0.0,
    "volatility": 0.0017382433963195332,
    "momentum": 0.0017382433963194163,
    "mean_reversion": 0.0,
    "volume_profile": 0.003861717238966869,
    "trend_strength": 0.009389700754674142,
    "regime_confidence": 0.009221876034788865,
    "signal_strength": 0.0029147131599500625,
    "market_volatility": 0.0055689267222835395,
    "position_size": 0.0009722567247407595,
    "entry_price": 0.004027137810755006,
    "exit_price": 0.004222555660500669,
    "hold_duration": 0.0011449787585472047,
    "strategy_confidence": 0.0007233517268915775
  },
  "shap_values": null,
  "ranks": {
    "trend_strength": 1,
    "regime_confidence": 2,
    "market_volatility": 3,
    "exit_price": 4,
    "entry_price": 5,
    "volume_profile": 6,
    "signal_strength": 7,
    "volatility": 8,
    "momentum": 9,
    "hold_duration": 10,
    "position_size": 11,
    "strategy_confidence": 12,
    "z_score": 13,
    "rsi": 14,
    "price_position": 15,
    "sma_ratio": 16,
    "returns_5d": 17,
    "mean_reversion": 18
  },
  "alpha_scores": {
    "z_score": 0.0,
    "rsi": 0.0,
    "price_position": 0.0,
    "sma_ratio": 0.0,
    "returns_5d": 0.0,
    "volatility": 0.0021728042453994165,
    "momentum": 0.0021728042453992703,
    "mean_reversion": 0.0,
    "volume_profile": 0.004827146548708586,
    "trend_strength": 0.011737125943342678,
    "regime_confidence": 0.01152734504348608,
    "signal_strength": 0.0036433914499375782,
    "market_volatility": 0.006961158402854425,
    "position_size": 0.0012153209059259495,
    "entry_price": 0.005033922263443757,
    "exit_price": 0.005278194575625837,
    "hold_duration": 0.0014312234481840059,
    "strategy_confidence": 0.0009041896586144719
  },
  "metadata": {
    "run_id": "run_b0324b8d",
    "timestamp": "2025-08-16T05:21:42.082831",
    "ticker": "SPY",
    "start_date": "2022-01-01",
    "end_date": "2022-11-11",
    "model_type": "ridge",
    "seed": 42,
    "total_trades": 0,
    "avg_profit": 0.0,
    "win_rate": 0.5,
    "sharpe_ratio": 0.0,
    "checkpoint_path": null,
    "importance_path": null
  }
}
