{
  "run_id": "run_2806bdf1",
  "timestamp": "2025-08-16T07:49:51.029749",
  "feature_importances": {
    "z_score": 0.0,
    "rsi": 0.0,
    "price_position": 0.0,
    "sma_ratio": 0.0,
    "returns_5d": 0.0,
    "volatility": 0.0031644297162266933,
    "momentum": 0.0012903326223233707,
    "mean_reversion": 0.00348884454377082,
    "volume_profile": 0.028288542418386783,
    "trend_strength": 0.009811666026538185,
    "regime_confidence": 0.062178690692356826,
    "signal_strength": 0.00032014143065894294,
    "market_volatility": 0.003961472280300067,
    "position_size": 0.001793361332797966,
    "entry_price": 0.018637394246266852,
    "exit_price": 0.0035629778589400885,
    "hold_duration": 0.0007800123820880819,
    "strategy_confidence": 0.0045759709811143325
  },
  "coefficients": {
    "z_score": 0.0,
    "rsi": 0.0,
    "price_position": 0.0,
    "sma_ratio": 0.0,
    "returns_5d": 0.0,
    "volatility": 0.0031644297162266933,
    "momentum": 0.0012903326223233707,
    "mean_reversion": 0.00348884454377082,
    "volume_profile": 0.028288542418386783,
    "trend_strength": 0.009811666026538185,
    "regime_confidence": 0.062178690692356826,
    "signal_strength": 0.00032014143065894294,
    "market_volatility": 0.003961472280300067,
    "position_size": 0.001793361332797966,
    "entry_price": 0.018637394246266852,
    "exit_price": 0.0035629778589400885,
    "hold_duration": 0.0007800123820880819,
    "strategy_confidence": 0.0045759709811143325
  },
  "shap_values": null,
  "ranks": {
    "regime_confidence": 1,
    "volume_profile": 2,
    "entry_price": 3,
    "trend_strength": 4,
    "strategy_confidence": 5,
    "market_volatility": 6,
    "exit_price": 7,
    "mean_reversion": 8,
    "volatility": 9,
    "position_size": 10,
    "momentum": 11,
    "hold_duration": 12,
    "signal_strength": 13,
    "z_score": 14,
    "rsi": 15,
    "price_position": 16,
    "sma_ratio": 17,
    "returns_5d": 18
  },
  "alpha_scores": {
    "z_score": 0.0,
    "rsi": 0.0,
    "price_position": 0.0,
    "sma_ratio": 0.0,
    "returns_5d": 0.0,
    "volatility": 0.003955537145283366,
    "momentum": 0.0016129157779042134,
    "mean_reversion": 0.004361055679713525,
    "volume_profile": 0.03536067802298348,
    "trend_strength": 0.012264582533172731,
    "regime_confidence": 0.07772336336544604,
    "signal_strength": 0.00040017678832367866,
    "market_volatility": 0.004951840350375084,
    "position_size": 0.0022417016659974577,
    "entry_price": 0.023296742807833566,
    "exit_price": 0.00445372232367511,
    "hold_duration": 0.0009750154776101024,
    "strategy_confidence": 0.005719963726392916
  },
  "metadata": {
    "run_id": "run_2806bdf1",
    "timestamp": "2025-08-16T07:49:51.029749",
    "ticker": "SPY",
    "start_date": "2019-03-05",
    "end_date": "2020-01-13",
    "model_type": "ridge",
    "seed": 42,
    "total_trades": 0,
    "avg_profit": 0.0,
    "win_rate": 0.5,
    "sharpe_ratio": 0.0,
    "checkpoint_path": null,
    "importance_path": null
  }
}
