{
  "run_id": "run_00296e36",
  "timestamp": "2025-08-16T15:03:10.528185",
  "feature_importances": {
    "z_score": 0.0,
    "rsi": 0.0,
    "price_position": 0.0,
    "sma_ratio": 0.0,
    "returns_5d": 0.0,
    "volatility": 0.0002048233708853713,
    "momentum": 0.0003604908182380241,
    "mean_reversion": 0.0011043360792543206,
    "volume_profile": 0.0014654775353289552,
    "trend_strength": 0.013051914036155063,
    "regime_confidence": 0.03940500542614732,
    "signal_strength": 0.003933279243304673,
    "market_volatility": 0.007820786864582003,
    "position_size": 0.0011747156795489495,
    "entry_price": 0.015480606724014544,
    "exit_price": 0.0074184062183853166,
    "hold_duration": 0.0025383148997599426,
    "strategy_confidence": 0.004652441804011749
  },
  "coefficients": {
    "z_score": 0.0,
    "rsi": 0.0,
    "price_position": 0.0,
    "sma_ratio": 0.0,
    "returns_5d": 0.0,
    "volatility": 0.0002048233708853713,
    "momentum": 0.0003604908182380241,
    "mean_reversion": 0.0011043360792543206,
    "volume_profile": 0.0014654775353289552,
    "trend_strength": 0.013051914036155063,
    "regime_confidence": 0.03940500542614732,
    "signal_strength": 0.003933279243304673,
    "market_volatility": 0.007820786864582003,
    "position_size": 0.0011747156795489495,
    "entry_price": 0.015480606724014544,
    "exit_price": 0.0074184062183853166,
    "hold_duration": 0.0025383148997599426,
    "strategy_confidence": 0.004652441804011749
  },
  "shap_values": null,
  "ranks": {
    "regime_confidence": 1,
    "entry_price": 2,
    "trend_strength": 3,
    "market_volatility": 4,
    "exit_price": 5,
    "strategy_confidence": 6,
    "signal_strength": 7,
    "hold_duration": 8,
    "volume_profile": 9,
    "position_size": 10,
    "mean_reversion": 11,
    "momentum": 12,
    "volatility": 13,
    "z_score": 14,
    "rsi": 15,
    "price_position": 16,
    "sma_ratio": 17,
    "returns_5d": 18
  },
  "alpha_scores": {
    "z_score": 0.0,
    "rsi": 0.0,
    "price_position": 0.0,
    "sma_ratio": 0.0,
    "returns_5d": 0.0,
    "volatility": 0.00025602921360671414,
    "momentum": 0.0004506135227975301,
    "mean_reversion": 0.0013804200990679008,
    "volume_profile": 0.001831846919161194,
    "trend_strength": 0.01631489254519383,
    "regime_confidence": 0.04925625678268415,
    "signal_strength": 0.004916599054130841,
    "market_volatility": 0.009775983580727503,
    "position_size": 0.001468394599436187,
    "entry_price": 0.01935075840501818,
    "exit_price": 0.009273007772981645,
    "hold_duration": 0.0031728936246999285,
    "strategy_confidence": 0.005815552255014686
  },
  "metadata": {
    "run_id": "run_00296e36",
    "timestamp": "2025-08-16T15:03:10.528185",
    "ticker": "SPY",
    "start_date": "2021-01-13",
    "end_date": "2021-05-18",
    "model_type": "ridge",
    "seed": 42,
    "total_trades": 0,
    "avg_profit": 0.0,
    "win_rate": 0.5,
    "sharpe_ratio": 0.0,
    "checkpoint_path": null,
    "importance_path": null
  }
}
