{
  "run_id": "run_228aec79",
  "timestamp": "2025-08-16T12:09:56.202991",
  "feature_importances": {
    "z_score": 0.0,
    "rsi": 0.0,
    "price_position": 0.0,
    "sma_ratio": 0.0,
    "returns_5d": 0.0,
    "volatility": 0.00034376505984421823,
    "momentum": 0.0008701353812824117,
    "mean_reversion": 0.002322842153986443,
    "volume_profile": 0.012921819241821614,
    "trend_strength": 0.012542806052843806,
    "regime_confidence": 0.04861175952071303,
    "signal_strength": 0.002796025218696424,
    "market_volatility": 0.007823131855406146,
    "position_size": 0.0017959185185307785,
    "entry_price": 0.017965190163959328,
    "exit_price": 0.0040893051645424375,
    "hold_duration": 0.0014264487071157567,
    "strategy_confidence": 0.003251020689440543
  },
  "coefficients": {
    "z_score": 0.0,
    "rsi": 0.0,
    "price_position": 0.0,
    "sma_ratio": 0.0,
    "returns_5d": 0.0,
    "volatility": 0.00034376505984421823,
    "momentum": 0.0008701353812824117,
    "mean_reversion": 0.002322842153986443,
    "volume_profile": 0.012921819241821614,
    "trend_strength": 0.012542806052843806,
    "regime_confidence": 0.04861175952071303,
    "signal_strength": 0.002796025218696424,
    "market_volatility": 0.007823131855406146,
    "position_size": 0.0017959185185307785,
    "entry_price": 0.017965190163959328,
    "exit_price": 0.0040893051645424375,
    "hold_duration": 0.0014264487071157567,
    "strategy_confidence": 0.003251020689440543
  },
  "shap_values": null,
  "ranks": {
    "regime_confidence": 1,
    "entry_price": 2,
    "volume_profile": 3,
    "trend_strength": 4,
    "market_volatility": 5,
    "exit_price": 6,
    "strategy_confidence": 7,
    "signal_strength": 8,
    "mean_reversion": 9,
    "position_size": 10,
    "hold_duration": 11,
    "momentum": 12,
    "volatility": 13,
    "z_score": 14,
    "rsi": 15,
    "price_position": 16,
    "sma_ratio": 17,
    "returns_5d": 18
  },
  "alpha_scores": {
    "z_score": 0.0,
    "rsi": 0.0,
    "price_position": 0.0,
    "sma_ratio": 0.0,
    "returns_5d": 0.0,
    "volatility": 0.0004297063248052728,
    "momentum": 0.0010876692266030147,
    "mean_reversion": 0.0029035526924830538,
    "volume_profile": 0.016152274052277017,
    "trend_strength": 0.015678507566054756,
    "regime_confidence": 0.06076469940089129,
    "signal_strength": 0.00349503152337053,
    "market_volatility": 0.009778914819257682,
    "position_size": 0.002244898148163473,
    "entry_price": 0.02245648770494916,
    "exit_price": 0.005111631455678047,
    "hold_duration": 0.0017830608838946959,
    "strategy_confidence": 0.004063775861800679
  },
  "metadata": {
    "run_id": "run_228aec79",
    "timestamp": "2025-08-16T12:09:56.202991",
    "ticker": "SPY",
    "start_date": "2021-01-13",
    "end_date": "2021-05-18",
    "model_type": "ridge",
    "seed": 42,
    "total_trades": 0,
    "avg_profit": 0.0,
    "win_rate": 0.5,
    "sharpe_ratio": 0.0,
    "checkpoint_path": null,
    "importance_path": null
  }
}
