{
  "run_id": "run_5d5a85bf",
  "timestamp": "2025-08-16T17:29:42.313682",
  "feature_importances": {
    "z_score": 0.0,
    "rsi": 0.0,
    "price_position": 0.0,
    "sma_ratio": 0.0,
    "returns_5d": 0.0,
    "volatility": 0.0005122676325671605,
    "momentum": 0.00030899137818897796,
    "mean_reversion": 0.0003542366304320107,
    "volume_profile": 0.00030968633689474614,
    "trend_strength": 0.012812076609076318,
    "regime_confidence": 0.03860620262474948,
    "signal_strength": 0.003601280587238726,
    "market_volatility": 0.009033287750158468,
    "position_size": 0.002711663278120356,
    "entry_price": 0.015314645863912712,
    "exit_price": 0.00888196133629746,
    "hold_duration": 0.0029042681079833217,
    "strategy_confidence": 0.004404773779959385
  },
  "coefficients": {
    "z_score": 0.0,
    "rsi": 0.0,
    "price_position": 0.0,
    "sma_ratio": 0.0,
    "returns_5d": 0.0,
    "volatility": 0.0005122676325671605,
    "momentum": 0.00030899137818897796,
    "mean_reversion": 0.0003542366304320107,
    "volume_profile": 0.00030968633689474614,
    "trend_strength": 0.012812076609076318,
    "regime_confidence": 0.03860620262474948,
    "signal_strength": 0.003601280587238726,
    "market_volatility": 0.009033287750158468,
    "position_size": 0.002711663278120356,
    "entry_price": 0.015314645863912712,
    "exit_price": 0.00888196133629746,
    "hold_duration": 0.0029042681079833217,
    "strategy_confidence": 0.004404773779959385
  },
  "shap_values": null,
  "ranks": {
    "regime_confidence": 1,
    "entry_price": 2,
    "trend_strength": 3,
    "market_volatility": 4,
    "exit_price": 5,
    "strategy_confidence": 6,
    "signal_strength": 7,
    "hold_duration": 8,
    "position_size": 9,
    "volatility": 10,
    "mean_reversion": 11,
    "volume_profile": 12,
    "momentum": 13,
    "z_score": 14,
    "rsi": 15,
    "price_position": 16,
    "sma_ratio": 17,
    "returns_5d": 18
  },
  "alpha_scores": {
    "z_score": 0.0,
    "rsi": 0.0,
    "price_position": 0.0,
    "sma_ratio": 0.0,
    "returns_5d": 0.0,
    "volatility": 0.0006403345407089506,
    "momentum": 0.00038623922273622245,
    "mean_reversion": 0.0004427957880400134,
    "volume_profile": 0.00038710792111843265,
    "trend_strength": 0.016015095761345396,
    "regime_confidence": 0.04825775328093685,
    "signal_strength": 0.004501600734048408,
    "market_volatility": 0.011291609687698084,
    "position_size": 0.0033895790976504452,
    "entry_price": 0.01914330732989089,
    "exit_price": 0.011102451670371823,
    "hold_duration": 0.003630335134979152,
    "strategy_confidence": 0.005505967224949232
  },
  "metadata": {
    "run_id": "run_5d5a85bf",
    "timestamp": "2025-08-16T17:29:42.313682",
    "ticker": "SPY",
    "start_date": "2021-09-22",
    "end_date": "2021-12-31",
    "model_type": "ridge",
    "seed": 42,
    "total_trades": 0,
    "avg_profit": 0.0,
    "win_rate": 0.5,
    "sharpe_ratio": 0.0,
    "checkpoint_path": null,
    "importance_path": null
  }
}
