{
  "run_id": "run_2290f2d4",
  "timestamp": "2025-08-16T07:33:49.047603",
  "feature_importances": {
    "z_score": 0.0,
    "rsi": 0.0,
    "price_position": 0.0,
    "sma_ratio": 0.0,
    "returns_5d": 0.0,
    "volatility": 0.005913099638578114,
    "momentum": 0.0020622965950359033,
    "mean_reversion": 0.007053638927083629,
    "volume_profile": 0.049507340520309986,
    "trend_strength": 0.006424173080825823,
    "regime_confidence": 0.08304689900556633,
    "signal_strength": 0.0013008292759387793,
    "market_volatility": 0.0037232177793559014,
    "position_size": 0.006992760741890602,
    "entry_price": 0.02674831573419237,
    "exit_price": 0.013823091787032794,
    "hold_duration": 0.002625206809457996,
    "strategy_confidence": 0.003777578426053825
  },
  "coefficients": {
    "z_score": 0.0,
    "rsi": 0.0,
    "price_position": 0.0,
    "sma_ratio": 0.0,
    "returns_5d": 0.0,
    "volatility": 0.005913099638578114,
    "momentum": 0.0020622965950359033,
    "mean_reversion": 0.007053638927083629,
    "volume_profile": 0.049507340520309986,
    "trend_strength": 0.006424173080825823,
    "regime_confidence": 0.08304689900556633,
    "signal_strength": 0.0013008292759387793,
    "market_volatility": 0.0037232177793559014,
    "position_size": 0.006992760741890602,
    "entry_price": 0.02674831573419237,
    "exit_price": 0.013823091787032794,
    "hold_duration": 0.002625206809457996,
    "strategy_confidence": 0.003777578426053825
  },
  "shap_values": null,
  "ranks": {
    "regime_confidence": 1,
    "volume_profile": 2,
    "entry_price": 3,
    "exit_price": 4,
    "mean_reversion": 5,
    "position_size": 6,
    "trend_strength": 7,
    "volatility": 8,
    "strategy_confidence": 9,
    "market_volatility": 10,
    "hold_duration": 11,
    "momentum": 12,
    "signal_strength": 13,
    "z_score": 14,
    "rsi": 15,
    "price_position": 16,
    "sma_ratio": 17,
    "returns_5d": 18
  },
  "alpha_scores": {
    "z_score": 0.0,
    "rsi": 0.0,
    "price_position": 0.0,
    "sma_ratio": 0.0,
    "returns_5d": 0.0,
    "volatility": 0.007391374548222642,
    "momentum": 0.0025778707437948793,
    "mean_reversion": 0.008817048658854536,
    "volume_profile": 0.06188417565038748,
    "trend_strength": 0.008030216351032278,
    "regime_confidence": 0.10380862375695792,
    "signal_strength": 0.0016260365949234742,
    "market_volatility": 0.004654022224194877,
    "position_size": 0.008740950927363253,
    "entry_price": 0.03343539466774046,
    "exit_price": 0.01727886473379099,
    "hold_duration": 0.003281508511822495,
    "strategy_confidence": 0.004721973032567281
  },
  "metadata": {
    "run_id": "run_2290f2d4",
    "timestamp": "2025-08-16T07:33:49.047603",
    "ticker": "SPY",
    "start_date": "2022-08-16",
    "end_date": "2023-06-26",
    "model_type": "ridge",
    "seed": 42,
    "total_trades": 0,
    "avg_profit": 0.0,
    "win_rate": 0.5,
    "sharpe_ratio": 0.0,
    "checkpoint_path": null,
    "importance_path": null
  }
}
