{
  "run_id": "run_2dcf3c9d",
  "timestamp": "2025-08-16T17:44:10.601098",
  "feature_importances": {
    "z_score": 0.0,
    "rsi": 0.0,
    "price_position": 0.0,
    "sma_ratio": 0.0,
    "returns_5d": 0.0,
    "volatility": 0.000520140745974672,
    "momentum": 0.0004747171330455645,
    "mean_reversion": 3.6002870157508946e-05,
    "volume_profile": 0.0005607790285374707,
    "trend_strength": 0.013051006272531814,
    "regime_confidence": 0.038156116541176455,
    "signal_strength": 0.003729895714088755,
    "market_volatility": 0.008765725584714324,
    "position_size": 0.00321299647829704,
    "entry_price": 0.01580921052245276,
    "exit_price": 0.009068795993036227,
    "hold_duration": 0.0028815260133073814,
    "strategy_confidence": 0.0034843722723183804
  },
  "coefficients": {
    "z_score": 0.0,
    "rsi": 0.0,
    "price_position": 0.0,
    "sma_ratio": 0.0,
    "returns_5d": 0.0,
    "volatility": 0.000520140745974672,
    "momentum": 0.0004747171330455645,
    "mean_reversion": 3.6002870157508946e-05,
    "volume_profile": 0.0005607790285374707,
    "trend_strength": 0.013051006272531814,
    "regime_confidence": 0.038156116541176455,
    "signal_strength": 0.003729895714088755,
    "market_volatility": 0.008765725584714324,
    "position_size": 0.00321299647829704,
    "entry_price": 0.01580921052245276,
    "exit_price": 0.009068795993036227,
    "hold_duration": 0.0028815260133073814,
    "strategy_confidence": 0.0034843722723183804
  },
  "shap_values": null,
  "ranks": {
    "regime_confidence": 1,
    "entry_price": 2,
    "trend_strength": 3,
    "exit_price": 4,
    "market_volatility": 5,
    "signal_strength": 6,
    "strategy_confidence": 7,
    "position_size": 8,
    "hold_duration": 9,
    "volume_profile": 10,
    "volatility": 11,
    "momentum": 12,
    "mean_reversion": 13,
    "z_score": 14,
    "rsi": 15,
    "price_position": 16,
    "sma_ratio": 17,
    "returns_5d": 18
  },
  "alpha_scores": {
    "z_score": 0.0,
    "rsi": 0.0,
    "price_position": 0.0,
    "sma_ratio": 0.0,
    "returns_5d": 0.0,
    "volatility": 0.00065017593246834,
    "momentum": 0.0005933964163069556,
    "mean_reversion": 4.500358769688618e-05,
    "volume_profile": 0.0007009737856718385,
    "trend_strength": 0.016313757840664765,
    "regime_confidence": 0.04769514567647057,
    "signal_strength": 0.004662369642610944,
    "market_volatility": 0.010957156980892904,
    "position_size": 0.0040162455978713,
    "entry_price": 0.01976151315306595,
    "exit_price": 0.011335994991295284,
    "hold_duration": 0.003601907516634227,
    "strategy_confidence": 0.004355465340397976
  },
  "metadata": {
    "run_id": "run_2dcf3c9d",
    "timestamp": "2025-08-16T17:44:10.601098",
    "ticker": "SPY",
    "start_date": "2020-03-04",
    "end_date": "2020-04-03",
    "model_type": "ridge",
    "seed": 42,
    "total_trades": 0,
    "avg_profit": 0.0,
    "win_rate": 0.5,
    "sharpe_ratio": 0.0,
    "checkpoint_path": null,
    "importance_path": null
  }
}
