{
  "run_id": "run_68e7a6ec",
  "timestamp": "2025-08-16T05:32:48.426269",
  "feature_importances": {
    "z_score": 0.0,
    "rsi": 0.0,
    "price_position": 0.0,
    "sma_ratio": 0.0,
    "returns_5d": 0.0,
    "volatility": 0.0023229377100553506,
    "momentum": 0.004828706716530839,
    "mean_reversion": 0.013599584835165279,
    "volume_profile": 0.03651622749855047,
    "trend_strength": 0.022451274641190157,
    "regime_confidence": 0.05426328068933537,
    "signal_strength": 0.0015144940837071232,
    "market_volatility": 0.010197241309828244,
    "position_size": 0.0009302856495484223,
    "entry_price": 0.00027653934031153103,
    "exit_price": 0.01848811307371634,
    "hold_duration": 0.0015206499447875375,
    "strategy_confidence": 0.011525735030750757
  },
  "coefficients": {
    "z_score": 0.0,
    "rsi": 0.0,
    "price_position": 0.0,
    "sma_ratio": 0.0,
    "returns_5d": 0.0,
    "volatility": 0.0023229377100553506,
    "momentum": 0.004828706716530839,
    "mean_reversion": 0.013599584835165279,
    "volume_profile": 0.03651622749855047,
    "trend_strength": 0.022451274641190157,
    "regime_confidence": 0.05426328068933537,
    "signal_strength": 0.0015144940837071232,
    "market_volatility": 0.010197241309828244,
    "position_size": 0.0009302856495484223,
    "entry_price": 0.00027653934031153103,
    "exit_price": 0.01848811307371634,
    "hold_duration": 0.0015206499447875375,
    "strategy_confidence": 0.011525735030750757
  },
  "shap_values": null,
  "ranks": {
    "regime_confidence": 1,
    "volume_profile": 2,
    "trend_strength": 3,
    "exit_price": 4,
    "mean_reversion": 5,
    "strategy_confidence": 6,
    "market_volatility": 7,
    "momentum": 8,
    "volatility": 9,
    "hold_duration": 10,
    "signal_strength": 11,
    "position_size": 12,
    "entry_price": 13,
    "z_score": 14,
    "rsi": 15,
    "price_position": 16,
    "sma_ratio": 17,
    "returns_5d": 18
  },
  "alpha_scores": {
    "z_score": 0.0,
    "rsi": 0.0,
    "price_position": 0.0,
    "sma_ratio": 0.0,
    "returns_5d": 0.0,
    "volatility": 0.002903672137569188,
    "momentum": 0.006035883395663549,
    "mean_reversion": 0.0169994810439566,
    "volume_profile": 0.045645284373188086,
    "trend_strength": 0.028064093301487694,
    "regime_confidence": 0.06782910086166921,
    "signal_strength": 0.0018931176046339039,
    "market_volatility": 0.012746551637285304,
    "position_size": 0.0011628570619355279,
    "entry_price": 0.0003456741753894138,
    "exit_price": 0.023110141342145424,
    "hold_duration": 0.0019008124309844217,
    "strategy_confidence": 0.014407168788438446
  },
  "metadata": {
    "run_id": "run_68e7a6ec",
    "timestamp": "2025-08-16T05:32:48.426269",
    "ticker": "SPY",
    "start_date": "2019-01-01",
    "end_date": "2019-11-11",
    "model_type": "ridge",
    "seed": 42,
    "total_trades": 0,
    "avg_profit": 0.0,
    "win_rate": 0.5,
    "sharpe_ratio": 0.0,
    "checkpoint_path": null,
    "importance_path": null
  }
}
