{
  "run_id": "run_96c25cd2",
  "timestamp": "2025-08-16T05:16:46.165776",
  "feature_importances": {
    "z_score": 0.0,
    "rsi": 0.0,
    "price_position": 0.0,
    "sma_ratio": 0.0,
    "returns_5d": 0.0,
    "volatility": 0.001263257128347088,
    "momentum": 0.001263257128347147,
    "mean_reversion": 0.0,
    "volume_profile": 0.0017176399406171657,
    "trend_strength": 0.006140593416868607,
    "regime_confidence": 0.004485907839331196,
    "signal_strength": 0.004021506820260811,
    "market_volatility": 0.011012213733622565,
    "position_size": 0.0014909363821004329,
    "entry_price": 0.006273783162241463,
    "exit_price": 0.010741422203384405,
    "hold_duration": 0.0010014764238754652,
    "strategy_confidence": 0.001836215004703904
  },
  "coefficients": {
    "z_score": 0.0,
    "rsi": 0.0,
    "price_position": 0.0,
    "sma_ratio": 0.0,
    "returns_5d": 0.0,
    "volatility": -0.001263257128347088,
    "momentum": 0.001263257128347147,
    "mean_reversion": 0.0,
    "volume_profile": 0.0017176399406171657,
    "trend_strength": 0.006140593416868607,
    "regime_confidence": 0.004485907839331196,
    "signal_strength": -0.004021506820260811,
    "market_volatility": -0.011012213733622565,
    "position_size": -0.0014909363821004329,
    "entry_price": 0.006273783162241463,
    "exit_price": 0.010741422203384405,
    "hold_duration": -0.0010014764238754652,
    "strategy_confidence": -0.001836215004703904
  },
  "shap_values": null,
  "ranks": {
    "market_volatility": 1,
    "exit_price": 2,
    "entry_price": 3,
    "trend_strength": 4,
    "regime_confidence": 5,
    "signal_strength": 6,
    "strategy_confidence": 7,
    "volume_profile": 8,
    "position_size": 9,
    "momentum": 10,
    "volatility": 11,
    "hold_duration": 12,
    "z_score": 13,
    "rsi": 14,
    "price_position": 15,
    "sma_ratio": 16,
    "returns_5d": 17,
    "mean_reversion": 18
  },
  "alpha_scores": {
    "z_score": 0.0,
    "rsi": 0.0,
    "price_position": 0.0,
    "sma_ratio": 0.0,
    "returns_5d": 0.0,
    "volatility": 0.003501406675297549,
    "momentum": 0.003501406675297712,
    "mean_reversion": 0.0,
    "volume_profile": 0.004760832786040848,
    "trend_strength": 0.017020062105839517,
    "regime_confidence": 0.012433721766490801,
    "signal_strength": 0.011146527899383439,
    "market_volatility": 0.030522874410501857,
    "position_size": 0.004132471912160151,
    "entry_price": 0.017389228012815165,
    "exit_price": 0.029772313617838417,
    "hold_duration": 0.0027758214515669188,
    "strategy_confidence": 0.00508949075408286
  },
  "metadata": {
    "run_id": "run_96c25cd2",
    "timestamp": "2025-08-16T05:16:46.165776",
    "ticker": "SPY",
    "start_date": "2025-08-16",
    "end_date": "2025-08-16",
    "model_type": "ridge",
    "seed": 42,
    "total_trades": 151,
    "avg_profit": 0.03676288849544274,
    "win_rate": 0.9,
    "sharpe_ratio": 1.9885091027594615,
    "checkpoint_path": null,
    "importance_path": null
  }
}
