{
  "run_id": "run_9c65fd3e",
  "timestamp": "2025-08-16T06:58:09.826541",
  "feature_importances": {
    "z_score": 0.0,
    "rsi": 0.0,
    "price_position": 0.0,
    "sma_ratio": 0.0,
    "returns_5d": 0.0,
    "volatility": 0.005183048753604658,
    "momentum": 0.001996371776860726,
    "mean_reversion": 0.006886153350791252,
    "volume_profile": 0.05324372899277009,
    "trend_strength": 0.005437790407649547,
    "regime_confidence": 0.08824405049503031,
    "signal_strength": 0.0010852885818239792,
    "market_volatility": 0.008292603241649823,
    "position_size": 0.00787615559371063,
    "entry_price": 0.026986925767003924,
    "exit_price": 0.018037939835143575,
    "hold_duration": 0.0032260162487844335,
    "strategy_confidence": 0.0037137183367810457
  },
  "coefficients": {
    "z_score": 0.0,
    "rsi": 0.0,
    "price_position": 0.0,
    "sma_ratio": 0.0,
    "returns_5d": 0.0,
    "volatility": 0.005183048753604658,
    "momentum": 0.001996371776860726,
    "mean_reversion": 0.006886153350791252,
    "volume_profile": 0.05324372899277009,
    "trend_strength": 0.005437790407649547,
    "regime_confidence": 0.08824405049503031,
    "signal_strength": 0.0010852885818239792,
    "market_volatility": 0.008292603241649823,
    "position_size": 0.00787615559371063,
    "entry_price": 0.026986925767003924,
    "exit_price": 0.018037939835143575,
    "hold_duration": 0.0032260162487844335,
    "strategy_confidence": 0.0037137183367810457
  },
  "shap_values": null,
  "ranks": {
    "regime_confidence": 1,
    "volume_profile": 2,
    "entry_price": 3,
    "exit_price": 4,
    "market_volatility": 5,
    "position_size": 6,
    "mean_reversion": 7,
    "trend_strength": 8,
    "volatility": 9,
    "strategy_confidence": 10,
    "hold_duration": 11,
    "momentum": 12,
    "signal_strength": 13,
    "z_score": 14,
    "rsi": 15,
    "price_position": 16,
    "sma_ratio": 17,
    "returns_5d": 18
  },
  "alpha_scores": {
    "z_score": 0.0,
    "rsi": 0.0,
    "price_position": 0.0,
    "sma_ratio": 0.0,
    "returns_5d": 0.0,
    "volatility": 0.006478810942005822,
    "momentum": 0.0024954647210759075,
    "mean_reversion": 0.008607691688489065,
    "volume_profile": 0.06655466124096261,
    "trend_strength": 0.006797238009561933,
    "regime_confidence": 0.11030506311878789,
    "signal_strength": 0.001356610727279974,
    "market_volatility": 0.010365754052062278,
    "position_size": 0.009845194492138288,
    "entry_price": 0.0337336572087549,
    "exit_price": 0.022547424793929467,
    "hold_duration": 0.004032520310980542,
    "strategy_confidence": 0.0046421479209763075
  },
  "metadata": {
    "run_id": "run_9c65fd3e",
    "timestamp": "2025-08-16T06:58:09.826541",
    "ticker": "SPY",
    "start_date": "2022-05-07",
    "end_date": "2022-10-21",
    "model_type": "ridge",
    "seed": 42,
    "total_trades": 0,
    "avg_profit": 0.0,
    "win_rate": 0.5,
    "sharpe_ratio": 0.0,
    "checkpoint_path": null,
    "importance_path": null
  }
}
