{
  "weights": {
    "AAPL_0": 0.20439421646059086,
    "AAPL_1": 0.20439421646059086,
    "AAPL_2": 0.20439421646059086,
    "AAPL_3": 0.0,
    "AAPL_4": 0.0,
    "AAPL_5": 0.0,
    "AAPL_6": 0.0,
    "AAPL_7": 0.0,
    "AAPL_8": 0.0,
    "AAPL_9": 0.0,
    "COIN_10": 0.01684567718081793,
    "COIN_11": 0.0,
    "COIN_12": 0.0,
    "COIN_13": 0.0,
    "COIN_14": 0.0,
    "COIN_15": 0.0,
    "COIN_16": 0.01684567718081793,
    "COIN_17": 0.0,
    "COIN_18": 0.0,
    "COIN_19": 0.0,
    "NVDA_20": 0.0790571949984316,
    "NVDA_21": 0.0790571949984316,
    "NVDA_22": 0.0790571949984316,
    "NVDA_23": 0.0,
    "NVDA_24": 0.009826645022143792,
    "NVDA_25": 0.037341251084146404,
    "NVDA_26": 0.02161861904871634,
    "NVDA_27": 0.037341251084146404,
    "NVDA_28": 0.009826645022143792,
    "NVDA_29": 0.0
  },
  "sum_abs": 1.0,
  "timestamp": "2025-09-06T12:30:56.546237",
  "num_strategies": 30
}