{
  "total_training_runs": 1,
  "best_reward": -0.0024805969544825666,
  "avg_training_time": 0.93401,
  "avg_validation_reward": -0.0024805969544825666,
  "avg_validation_accuracy": 0.0,
  "training_runs": [
    {
      "run_id": 0,
      "training_time": 0.93401,
      "validation_reward": -0.0024805969544825666,
      "validation_accuracy": 0.0,
      "strategy_success_rate": 0.0
    }
  ]
}