{
  "trading_results": {
    "model_name": "SPY_enhanced_offline_rl",
    "initial_value": 10000,
    "final_value": 10000.0,
    "total_return": 0.0,
    "buy_hold_return": 0.032263229650624996,
    "excess_return": -0.032263229650624996,
    "sharpe_ratio": 0.0,
    "max_drawdown": 0.0,
    "win_rate": 0.0,
    "total_trades": 0,
    "avg_trade": 0.0,
    "final_cash": 10000,
    "final_shares": 0.0,
    "trades": [],
    "daily_returns": [
      0.0,
      0.0,
      0.0,
      0.0,
      0.0,
      0.0,
      0.0,
      0.0,
      0.0,
      0.0,
      0.0,
      0.0,
      0.0,
      0.0,
      0.0,
      0.0,
      0.0,
      0.0,
      0.0,
      0.0,
      0.0,
      0.0,
      0.0,
      0.0,
      0.0,
      0.0,
      0.0,
      0.0,
      0.0,
      0.0,
      0.0,
      0.0,
      0.0,
      0.0,
      0.0,
      0.0,
      0.0
    ]
  },
  "policy_evaluation": {
    "accuracy": 0.10526315789473684,
    "avg_confidence": 1.0,
    "avg_reward": -0.6578947368421053,
    "action_distribution": {
      "BUY": 0,
      "SELL": 0,
      "HOLD": 38
    },
    "predictions": [
      2,
      2,
      2,
      2,
      2,
      2,
      2,
      2,
      2,
      2,
      2,
      2,
      2,
      2,
      2,
      2,
      2,
      2,
      2,
      2,
      2,
      2,
      2,
      2,
      2,
      2,
      2,
      2,
      2,
      2,
      2,
      2,
      2,
      2,
      2,
      2,
      2,
      2
    ],
    "confidences": [
      1.0,
      1.0,
      1.0,
      1.0,
      1.0,
      1.0,
      1.0,
      1.0,
      1.0,
      1.0,
      1.0,
      1.0,
      1.0,
      1.0,
      1.0,
      1.0,
      1.0,
      1.0,
      1.0,
      1.0,
      1.0,
      1.0,
      1.0,
      1.0,
      1.0,
      1.0,
      1.0,
      1.0,
      1.0,
      1.0,
      1.0,
      1.0,
      1.0,
      1.0,
      1.0,
      1.0,
      1.0,
      1.0
    ],
    "q_values": [
      [
        79041152.0,
        80702976.0,
        71505072.0
      ],
      [
        82978432.0,
        84460000.0,
        74804216.0
      ],
      [
        76601216.0,
        78227728.0,
        69313920.0
      ],
      [
        83641088.0,
        84995504.0,
        75269800.0
      ],
      [
        89026816.0,
        90209040.0,
        79861496.0
      ],
      [
        85894672.0,
        87567792.0,
        77570704.0
      ],
      [
        85614280.0,
        86368056.0,
        76417648.0
      ],
      [
        89287832.0,
        89798088.0,
        79420000.0
      ],
      [
        95454768.0,
        95897072.0,
        84804528.0
      ],
      [
        95733072.0,
        95399328.0,
        84193328.0
      ],
      [
        99683616.0,
        99176160.0,
        87493064.0
      ],
      [
        98025080.0,
        97955872.0,
        86522280.0
      ],
      [
        94041832.0,
        94192880.0,
        83254456.0
      ],
      [
        91046424.0,
        91749808.0,
        81175272.0
      ],
      [
        83595848.0,
        84605608.0,
        74890464.0
      ],
      [
        76596200.0,
        78601344.0,
        69697760.0
      ],
      [
        82895504.0,
        84771232.0,
        75126288.0
      ],
      [
        78220360.0,
        80402328.0,
        71305424.0
      ],
      [
        82940672.0,
        84879304.0,
        75232536.0
      ],
      [
        79771872.0,
        82338360.0,
        73050592.0
      ],
      [
        84451712.0,
        86782816.0,
        76960672.0
      ],
      [
        81294768.0,
        84014624.0,
        74546736.0
      ],
      [
        86684928.0,
        89276080.0,
        79185960.0
      ],
      [
        89442432.0,
        91546552.0,
        81144512.0
      ],
      [
        93300784.0,
        95098584.0,
        84238176.0
      ],
      [
        89231352.0,
        91446000.0,
        81074936.0
      ],
      [
        88403248.0,
        91164688.0,
        80870328.0
      ],
      [
        84223080.0,
        87377680.0,
        77556480.0
      ],
      [
        84366504.0,
        89001664.0,
        79003664.0
      ],
      [
        82533680.0,
        87665752.0,
        77833072.0
      ],
      [
        88246064.0,
        93039104.0,
        82581168.0
      ],
      [
        84178048.0,
        89091464.0,
        79099896.0
      ],
      [
        87983616.0,
        92730448.0,
        82304752.0
      ],
      [
        90700712.0,
        95134216.0,
        84419384.0
      ],
      [
        94994048.0,
        99144840.0,
        87970488.0
      ],
      [
        92072064.0,
        96929232.0,
        86010464.0
      ],
      [
        94747448.0,
        101127776.0,
        89727944.0
      ],
      [
        99408120.0,
        105545264.0,
        93689856.0
      ]
    ]
  },
  "offline_rl_results": {
    "training_completed": true,
    "final_q_loss": 126690126725120.0,
    "final_v_loss": 34879009980416.0,
    "final_policy_loss": 48.37754821777344
  },
  "overall_success_rate": 0.0,
  "avg_reward": 0.0,
  "reward_std": 0.0,
  "enhanced_reward_metrics": {
    "action_distribution": {
      "BUY": 0,
      "SELL": 0,
      "HOLD": 38
    },
    "confidence_stats": {
      "min": 1.0,
      "max": 1.0,
      "mean": 1.0
    }
  },
  "safety_validation": {
    "is_safe_to_deploy": false,
    "stability_results": {
      "is_stable": false,
      "reason": "Insufficient data: 39 < 50",
      "stability_score": 0.0
    },
    "recommendations": [
      "Model is not stable - do not deploy",
      "Low stability score - consider more training data",
      "Low accuracy - consider feature engineering",
      "Insufficient validation windows - need more data"
    ],
    "config": {
      "max_position_size": 0.3,
      "max_daily_trades": 5,
      "min_confidence_threshold": 0.6,
      "max_drawdown_limit": 0.15,
      "volatility_threshold": 0.05,
      "min_trades_for_validation": 50
    }
  }
}