{
  "timestamp": "2025-08-16T18:47:36.953738",
  "symbols_tested": 8,
  "successful_runs": 8,
  "results": {
    "QQQ": {
      "stitched_sharpe": -0.9161472900259611,
      "stitched_max_dd": -15.813753244002024,
      "weighted_sharpe": -0.6818834284755874,
      "weighted_win_rate": 0.43814338235294115,
      "trusted_folds": 0,
      "total_folds": 16,
      "avg_weight": 0.0625,
      "weight_std": 0.0
    },
    "SPY": {
      "stitched_sharpe": 0.09732778962267505,
      "stitched_max_dd": -2.8780363178807673,
      "weighted_sharpe": -0.10136994263246495,
      "weighted_win_rate": 0.46350732600732597,
      "trusted_folds": 1,
      "total_folds": 16,
      "avg_weight": 0.0625,
      "weight_std": 0.0
    },
    "TSLA": {
      "stitched_sharpe": 0.8207666681955148,
      "stitched_max_dd": -0.934004055350131,
      "weighted_sharpe": 0.9249707062580482,
      "weighted_win_rate": 0.603390529615575,
      "trusted_folds": 0,
      "total_folds": 16,
      "avg_weight": 0.0625,
      "weight_std": 0.0
    },
    "AAPL": {
      "stitched_sharpe": 0.09562704847196488,
      "stitched_max_dd": -1.4924226611042881,
      "weighted_sharpe": 0.35428368404739524,
      "weighted_win_rate": 0.5586905442955213,
      "trusted_folds": 0,
      "total_folds": 16,
      "avg_weight": 0.0625,
      "weight_std": 0.0
    },
    "NVDA": {
      "stitched_sharpe": 1.1304462935278046,
      "stitched_max_dd": -2.5928991977810774,
      "weighted_sharpe": 1.081774149953285,
      "weighted_win_rate": 0.6010551948051948,
      "trusted_folds": 0,
      "total_folds": 16,
      "avg_weight": 0.0625,
      "weight_std": 0.0
    },
    "AMZN": {
      "stitched_sharpe": -0.05056912569353462,
      "stitched_max_dd": -4.286741740776515,
      "weighted_sharpe": -0.19390483310460144,
      "weighted_win_rate": 0.405242673992674,
      "trusted_folds": 1,
      "total_folds": 16,
      "avg_weight": 0.0625,
      "weight_std": 0.0
    },
    "GOOGL": {
      "stitched_sharpe": -1.3813239728546287,
      "stitched_max_dd": -33.80642158975155,
      "weighted_sharpe": -1.449125062503602,
      "weighted_win_rate": 0.30386904761904765,
      "trusted_folds": 0,
      "total_folds": 16,
      "avg_weight": 0.0625,
      "weight_std": 0.0
    },
    "MSFT": {
      "stitched_sharpe": -0.7979068459885993,
      "stitched_max_dd": -20.182933115830657,
      "weighted_sharpe": -1.109678137235388,
      "weighted_win_rate": 0.38035714285714284,
      "trusted_folds": 0,
      "total_folds": 16,
      "avg_weight": 0.0625,
      "weight_std": 0.0
    }
  }
}
