{
  "SPY": {
    "n_samples": 138,
    "features": {
      "ret_1d_lag1": 0.15980026639420516,
      "sma_10": -0.016905457582362005,
      "sma_20": -0.0016581601911517018,
      "vol_10": 0.11072009851886307,
      "rsi_14": -0.09752325127644994,
      "momentum_3d": -0.0253998835013525,
      "momentum_5d": -0.03271294708337422,
      "momentum_10d": -0.06844125246113872,
      "momentum_20d": -0.026441434325737697,
      "momentum_strength": 0.08131972053842369
    },
    "top_features": [
      [
        "ret_1d_lag1",
        0.15980026639420516
      ],
      [
        "vol_10",
        0.11072009851886307
      ],
      [
        "rsi_14",
        -0.09752325127644994
      ],
      [
        "momentum_strength",
        0.08131972053842369
      ],
      [
        "momentum_10d",
        -0.06844125246113872
      ]
    ],
    "avg_ic": 0.06209224718730587
  },
  "TSLA": {
    "n_samples": 124,
    "features": {
      "ret_1d_lag1": -0.021791470846320552,
      "sma_10": -0.07186450047614298,
      "sma_20": -0.07616601088330385,
      "vol_10": 0.1632279695074691,
      "rsi_14": -0.011407589388269822,
      "momentum_3d": -0.12275582189142008,
      "momentum_5d": -0.09313503300169326,
      "momentum_10d": -0.056615380105508595,
      "momentum_20d": -0.0021177086224966157,
      "momentum_strength": 0.02276730062215041
    },
    "top_features": [
      [
        "vol_10",
        0.1632279695074691
      ],
      [
        "momentum_3d",
        -0.12275582189142008
      ],
      [
        "momentum_5d",
        -0.09313503300169326
      ],
      [
        "sma_20",
        -0.07616601088330385
      ],
      [
        "sma_10",
        -0.07186450047614298
      ]
    ],
    "avg_ic": 0.06418487853447752
  }
}