{
  "total_tickers": 3,
  "successful_runs": 3,
  "gate_passes": 1,
  "total_runtime_sec": 9.95,
  "avg_runtime_sec": 3.3166666666666664,
  "best_sharpe": 0.39752425519034273
}