{
  "onnx": "artifacts/models/latest.onnx",
  "rows": 960,
  "cols": 5,
  "latency": {
    "1": {
      "p50_ms": 0.0073955000061687315,
      "p95_ms": 0.007758249981293376
    },
    "32": {
      "p50_ms": 0.022433000012256343,
      "p95_ms": 0.022863649981275103
    },
    "256": {
      "p50_ms": 0.04192449999607106,
      "p95_ms": 0.044221299995683694
    }
  }
}