{
  "meta": {
    "timestamp": 1755830949,
    "profile": "golden_xgb_v2",
    "cv": {
      "n_splits": 5,
      "gap": 10,
      "test_size": 192
    },
    "dataset": "golden_ml_v1",
    "metric": "IC",
    "early_stopping": {
      "policy": "train_tail",
      "rounds": 20,
      "val_tail_max": 256
    },
    "label_type": "raw",
    "cost_profile": "default"
  },
  "baseline": {
    "params": {
      "kind": "xgboost",
      "n_estimators": 100,
      "max_depth": 3,
      "learning_rate": 0.1,
      "random_state": 42
    },
    "ic_per_fold": [
      0.07965135347378192,
      0.045057589367269786,
      0.08122595537844221,
      -0.20502240828667198,
      0.06975514458616541
    ],
    "turnover_per_fold": [
      0.03641058699622828,
      0.23828212574065824,
      0.01613528124441963,
      0.05585687797692122,
      0.007519281444905316
    ],
    "ic_after_costs_per_fold": [
      0.079550625262042,
      0.044952823724754974,
      0.08112563267281732,
      -0.2051235254242315,
      0.06965499420053652
    ],
    "ic_mean": 0.014133526903797471
  },
  "candidates": [
    {
      "params": {
        "max_depth": 3,
        "n_estimators": 100,
        "colsample_bytree": 0.6
      },
      "ic": -0.04266411968558504,
      "is_baseline": false,
      "fold_ics": [
        0.045920450726130865,
        -0.02673716573684333,
        -0.04387743867271543,
        -0.1886264447444973,
        0.0
      ],
      "turnover_per_fold": [
        0.04744759149342307,
        0.12571677041644747,
        0.023131322898263237,
        0.05679691653133063,
        0.0
      ],
      "ic_after_costs_per_fold": [
        0.045819501774301,
        -0.026839680072251657,
        -0.043977901299173394,
        -0.18872758068282794,
        -0.0001
      ]
    },
    {
      "params": {
        "max_depth": 3,
        "n_estimators": 100,
        "colsample_bytree": 0.8
      },
      "ic": 0.0010847476629463782,
      "is_baseline": false,
      "fold_ics": [
        0.04702768054545061,
        0.010516254416900938,
        0.046576619269868814,
        -0.09869681591748847,
        0.0
      ],
      "turnover_per_fold": [
        0.047032572650862615,
        0.2352396120117363,
        0.017347667800233314,
        0.07554580312202738,
        0.0
      ],
      "ic_after_costs_per_fold": [
        0.04692673989399759,
        0.010411549624660704,
        0.04647627231651281,
        -0.09879832683355091,
        -0.0001
      ]
    },
    {
      "params": {
        "max_depth": 3,
        "n_estimators": 100,
        "colsample_bytree": 1.0
      },
      "ic": 0.014133526903797471,
      "is_baseline": false,
      "fold_ics": [
        0.07965135347378192,
        0.045057589367269786,
        0.08122595537844221,
        -0.20502240828667198,
        0.06975514458616541
      ],
      "turnover_per_fold": [
        0.03641058699622828,
        0.23828212574065824,
        0.01613528124441963,
        0.05585687797692122,
        0.007519281444905316
      ],
      "ic_after_costs_per_fold": [
        0.079550625262042,
        0.044952823724754974,
        0.08112563267281732,
        -0.2051235254242315,
        0.06965499420053652
      ]
    },
    {
      "params": {
        "max_depth": 3,
        "n_estimators": 200,
        "colsample_bytree": 0.6
      },
      "ic": -0.04266411968558504,
      "is_baseline": false,
      "fold_ics": [
        0.045920450726130865,
        -0.02673716573684333,
        -0.04387743867271543,
        -0.1886264447444973,
        0.0
      ],
      "turnover_per_fold": [
        0.04744759149342307,
        0.12571677041644747,
        0.023131322898263237,
        0.05679691653133063,
        0.0
      ],
      "ic_after_costs_per_fold": [
        0.045819501774301,
        -0.026839680072251657,
        -0.043977901299173394,
        -0.18872758068282794,
        -0.0001
      ]
    },
    {
      "params": {
        "max_depth": 3,
        "n_estimators": 200,
        "colsample_bytree": 0.8
      },
      "ic": 0.0010847476629463782,
      "is_baseline": false,
      "fold_ics": [
        0.04702768054545061,
        0.010516254416900938,
        0.046576619269868814,
        -0.09869681591748847,
        0.0
      ],
      "turnover_per_fold": [
        0.047032572650862615,
        0.2352396120117363,
        0.017347667800233314,
        0.07554580312202738,
        0.0
      ],
      "ic_after_costs_per_fold": [
        0.04692673989399759,
        0.010411549624660704,
        0.04647627231651281,
        -0.09879832683355091,
        -0.0001
      ]
    },
    {
      "params": {
        "max_depth": 3,
        "n_estimators": 200,
        "colsample_bytree": 1.0
      },
      "ic": 0.014133526903797471,
      "is_baseline": false,
      "fold_ics": [
        0.07965135347378192,
        0.045057589367269786,
        0.08122595537844221,
        -0.20502240828667198,
        0.06975514458616541
      ],
      "turnover_per_fold": [
        0.03641058699622828,
        0.23828212574065824,
        0.01613528124441963,
        0.05585687797692122,
        0.007519281444905316
      ],
      "ic_after_costs_per_fold": [
        0.079550625262042,
        0.044952823724754974,
        0.08112563267281732,
        -0.2051235254242315,
        0.06965499420053652
      ]
    },
    {
      "params": {
        "max_depth": 3,
        "n_estimators": 400,
        "colsample_bytree": 0.6
      },
      "ic": -0.04266411968558504,
      "is_baseline": false,
      "fold_ics": [
        0.045920450726130865,
        -0.02673716573684333,
        -0.04387743867271543,
        -0.1886264447444973,
        0.0
      ],
      "turnover_per_fold": [
        0.04744759149342307,
        0.12571677041644747,
        0.023131322898263237,
        0.05679691653133063,
        0.0
      ],
      "ic_after_costs_per_fold": [
        0.045819501774301,
        -0.026839680072251657,
        -0.043977901299173394,
        -0.18872758068282794,
        -0.0001
      ]
    },
    {
      "params": {
        "max_depth": 3,
        "n_estimators": 400,
        "colsample_bytree": 0.8
      },
      "ic": 0.0010847476629463782,
      "is_baseline": false,
      "fold_ics": [
        0.04702768054545061,
        0.010516254416900938,
        0.046576619269868814,
        -0.09869681591748847,
        0.0
      ],
      "turnover_per_fold": [
        0.047032572650862615,
        0.2352396120117363,
        0.017347667800233314,
        0.07554580312202738,
        0.0
      ],
      "ic_after_costs_per_fold": [
        0.04692673989399759,
        0.010411549624660704,
        0.04647627231651281,
        -0.09879832683355091,
        -0.0001
      ]
    },
    {
      "params": {
        "max_depth": 3,
        "n_estimators": 400,
        "colsample_bytree": 1.0
      },
      "ic": 0.014133526903797471,
      "is_baseline": false,
      "fold_ics": [
        0.07965135347378192,
        0.045057589367269786,
        0.08122595537844221,
        -0.20502240828667198,
        0.06975514458616541
      ],
      "turnover_per_fold": [
        0.03641058699622828,
        0.23828212574065824,
        0.01613528124441963,
        0.05585687797692122,
        0.007519281444905316
      ],
      "ic_after_costs_per_fold": [
        0.079550625262042,
        0.044952823724754974,
        0.08112563267281732,
        -0.2051235254242315,
        0.06965499420053652
      ]
    },
    {
      "params": {
        "max_depth": 4,
        "n_estimators": 100,
        "colsample_bytree": 0.6
      },
      "ic": -0.01056418535340874,
      "is_baseline": false,
      "fold_ics": [
        0.1803041252961767,
        -0.07715105357211288,
        0.0419607018930673,
        -0.19793470038417482,
        0.0
      ],
      "turnover_per_fold": [
        0.20710217573372794,
        0.25892377495570645,
        0.023481124105097735,
        0.06311748495705777,
        0.0
      ],